CREATE DATABASE  IF NOT EXISTS `datn_4bee` /*!40100 DEFAULT CHARACTER SET utf8mb4 COLLATE utf8mb4_0900_ai_ci */ /*!80016 DEFAULT ENCRYPTION='N' */;
USE `datn_4bee`;
-- MySQL dump 10.13  Distrib 8.0.40, for Win64 (x86_64)
--
-- Host: 127.0.0.1    Database: datn_4bee
-- ------------------------------------------------------
-- Server version	9.1.0

/*!40101 SET @OLD_CHARACTER_SET_CLIENT=@@CHARACTER_SET_CLIENT */;
/*!40101 SET @OLD_CHARACTER_SET_RESULTS=@@CHARACTER_SET_RESULTS */;
/*!40101 SET @OLD_COLLATION_CONNECTION=@@COLLATION_CONNECTION */;
/*!50503 SET NAMES utf8 */;
/*!40103 SET @OLD_TIME_ZONE=@@TIME_ZONE */;
/*!40103 SET TIME_ZONE='+00:00' */;
/*!40014 SET @OLD_UNIQUE_CHECKS=@@UNIQUE_CHECKS, UNIQUE_CHECKS=0 */;
/*!40014 SET @OLD_FOREIGN_KEY_CHECKS=@@FOREIGN_KEY_CHECKS, FOREIGN_KEY_CHECKS=0 */;
/*!40101 SET @OLD_SQL_MODE=@@SQL_MODE, SQL_MODE='NO_AUTO_VALUE_ON_ZERO' */;
/*!40111 SET @OLD_SQL_NOTES=@@SQL_NOTES, SQL_NOTES=0 */;

--
-- Table structure for table `anh_san_pham`
--

DROP TABLE IF EXISTS `anh_san_pham`;
/*!40101 SET @saved_cs_client     = @@character_set_client */;
/*!50503 SET character_set_client = utf8mb4 */;
CREATE TABLE `anh_san_pham` (
  `id` varchar(255) NOT NULL,
  `ma_anh` varchar(45) DEFAULT NULL,
  `anh_url` varchar(255) DEFAULT NULL,
  `mo_ta` text,
  `trang_thai` bit(1) DEFAULT NULL,
  `id_san_pham_chi_tiet` varchar(255) DEFAULT NULL,
  PRIMARY KEY (`id`),
  UNIQUE KEY `ma_anh_UNIQUE` (`ma_anh`),
  KEY `id_san_pham_chi_tiet_idx` (`id_san_pham_chi_tiet`),
  CONSTRAINT `id_san_pham_chi_tiet` FOREIGN KEY (`id_san_pham_chi_tiet`) REFERENCES `san_pham_chi_tiet` (`id`)
) ENGINE=InnoDB DEFAULT CHARSET=utf8mb4 COLLATE=utf8mb4_0900_ai_ci;
/*!40101 SET character_set_client = @saved_cs_client */;

--
-- Dumping data for table `anh_san_pham`
--

LOCK TABLES `anh_san_pham` WRITE;
/*!40000 ALTER TABLE `anh_san_pham` DISABLE KEYS */;
INSERT INTO `anh_san_pham` VALUES ('0147620f-8adb-483c-9047-2560a97e3649','IMG1740308310484','https://res.cloudinary.com/dl1ahr7s5/image/upload/v1739041772/Screenshot_2024-02-28_222303_yeueru.png','',_binary '','6d33cd1f-1498-4d8b-a45f-bada5c19452a'),('0fbb8fea-ce5a-4ef5-af91-db7b194948a2','IMG1739899844856','https://res.cloudinary.com/dl1ahr7s5/image/upload/v1739412310/Screenshot_2025-02-12_234250_ie04wm.png','',_binary '','d1d9a7ad-a833-4347-9a7c-0544aad45374'),('10a15949-5e8c-435e-a6a4-324765fd7152','IMG1739899844823','https://res.cloudinary.com/dl1ahr7s5/image/upload/v1739412310/Screenshot_2025-02-12_234250_ie04wm.png','',_binary '','12a77fc0-f2dd-4fb5-8fa6-4debddb62249'),('14233226-0a5b-4157-a5cd-ba838f129db6','IMG1739521956639','https://res.cloudinary.com/dl1ahr7s5/image/upload/v1739347650/Screenshot_2024-10-13_113138_dkcbvo.png','',_binary '','4610617a-7c4c-4b55-98d8-3d7b617a7a7b'),('14a75c34-3b32-4e09-9896-f2af842a223d','IMG1740910601282','https://res.cloudinary.com/dl1ahr7s5/image/upload/v1739447590/backgrounddefault_bc3vsi.jpg','',_binary '','4b39ae1a-9379-47e9-8c80-0f5672f46c10'),('1bc08e48-69c3-433b-bbfd-17c45f174697','IMG1739523889423','https://res.cloudinary.com/dl1ahr7s5/image/upload/v1739391314/Screenshot_2024-11-06_094821_s86iqu.png','',_binary '','4393ee6d-f0ea-4e1d-a0f0-636c957b8165'),('1c9f1a7a-0296-447c-a030-f0d1095ca564','IMG1740308928941','https://res.cloudinary.com/dl1ahr7s5/image/upload/v1739391116/newyork_ljbvmm.jpg','',_binary '','464b2463-2fbe-4207-a7fb-d50357a66174'),('1f703732-334a-446f-9c5c-bf44207f8d3e','IMG1740308310377','https://res.cloudinary.com/dl1ahr7s5/image/upload/v1739714347/307375_pkjd7c.jpg','',_binary '','c0bfcac5-08dc-4557-b9ed-1bc45b64be63'),('2149b43c-2b12-47d5-96b4-5057ee1d4a94','IMG1739523889329','https://res.cloudinary.com/dl1ahr7s5/image/upload/v1739416850/Screenshot_2025-02-11_174152_ghq23c.png','',_binary '','6639faec-b397-41c3-81fb-783dff594545'),('214c3af5-c489-4159-afd8-3502eb15f3df','IMG1739519763103','https://res.cloudinary.com/dl1ahr7s5/image/upload/v1739412310/Screenshot_2025-02-12_234250_ie04wm.png','',_binary '','ab5258b5-f94f-4869-a2d0-7cd702e3ef5f'),('242b1461-8860-4b26-a50d-f4edd2b18c42','IMG1744502459234','https://res.cloudinary.com/dl1ahr7s5/image/upload/v1739416850/Screenshot_2025-02-11_174152_ghq23c.png','',_binary '','7c4314be-981f-49ff-be52-4989f01dc7ac'),('242e5d28-087b-4f23-b7da-56dd7feb61da','IMG1740910601090','https://res.cloudinary.com/dl1ahr7s5/image/upload/v1739447590/backgrounddefault_bc3vsi.jpg','',_binary '','3f0a6468-73e0-4f36-b11e-296d7bfaba4d'),('279dbc48-7297-459c-8c38-3cbbf0920e19','IMG1739523889373','https://res.cloudinary.com/dl1ahr7s5/image/upload/v1739391314/Screenshot_2024-11-06_094821_s86iqu.png','',_binary '','de8d5e91-6896-40fd-bdd3-fb6a3e8e8ff5'),('28daf1e3-d9fb-4dfe-b401-1174a7754621','IMG1744267255515','https://res.cloudinary.com/dl1ahr7s5/image/upload/v1739447590/backgrounddefault_bc3vsi.jpg','',_binary '','02195fe8-3498-469c-be33-c049732f0727'),('2e241a76-3d2b-4e35-a4df-8af27aef0faa','IMG1739899844966','https://res.cloudinary.com/dl1ahr7s5/image/upload/v1739390989/2023-07-12_kbrlns.png','',_binary '','70835a28-7019-4c1c-a2ed-f2a009b4ece9'),('2f25209f-b49d-4ee0-830f-1d5f97f8ecce','IMG1740910601540','https://res.cloudinary.com/dl1ahr7s5/image/upload/v1739412310/Screenshot_2025-02-12_234250_ie04wm.png','',_binary '','9a014ee3-43fa-48a5-a758-85b8c45faecb'),('333f71b6-6969-4109-9270-f42065b700fa','IMG1740910601162','https://res.cloudinary.com/dl1ahr7s5/image/upload/v1739422589/t%E1%BA%A3i_xu%E1%BB%91ng_u00h4n.jpg','',_binary '','9484808d-6bf1-43a7-804a-f9987b3b8f7b'),('369b9c8e-48e6-4a77-aae9-7ea9b5eb509a','IMG1740308310502','https://res.cloudinary.com/dl1ahr7s5/image/upload/v1739070424/Screenshot_2024-02-22_174526_ftsa45.png','',_binary '','6d33cd1f-1498-4d8b-a45f-bada5c19452a'),('3a1f5819-0eef-45be-aa9f-c38d07c6ad1b','IMG1739899844929','https://res.cloudinary.com/dl1ahr7s5/image/upload/v1739390989/2023-07-12_kbrlns.png','',_binary '','b7253bf1-88d0-4110-81a2-a52ef6022307'),('4573d9fa-f680-440c-872f-2c163d49ced3','IMG1744267255523','https://res.cloudinary.com/dl1ahr7s5/image/upload/v1739422589/t%E1%BA%A3i_xu%E1%BB%91ng_u00h4n.jpg','',_binary '','02195fe8-3498-469c-be33-c049732f0727'),('49495b21-91b1-4394-823c-d4026f62d7aa','IMG1739523889379','https://res.cloudinary.com/dl1ahr7s5/image/upload/v1739391116/newyork_ljbvmm.jpg','',_binary '','de8d5e91-6896-40fd-bdd3-fb6a3e8e8ff5'),('49f42cb8-24ec-4394-9ddd-b2c1c4e0b9d5','IMG1744502314064','https://res.cloudinary.com/dl1ahr7s5/image/upload/v1739416850/Screenshot_2025-02-11_174152_ghq23c.png','',_binary '','f8729c3a-2215-47c2-931e-b177cb871007'),('4a826c0f-a693-4361-804b-6f3e0c628ecb','IMG1740910601940','https://res.cloudinary.com/dl1ahr7s5/image/upload/v1739412310/Screenshot_2025-02-12_234250_ie04wm.png','',_binary '','3ccc7099-66c9-4ee4-ba35-06a25371bde8'),('510c5538-609c-4090-90db-73ed964bfe96','IMG1739523889386','https://res.cloudinary.com/dl1ahr7s5/image/upload/v1739523857/sp4_tr2t99.jpg','',_binary '','de8d5e91-6896-40fd-bdd3-fb6a3e8e8ff5'),('51b8ace4-f172-4809-9d0b-57b733e7c890','IMG1740910601250','https://res.cloudinary.com/dl1ahr7s5/image/upload/v1739422589/t%E1%BA%A3i_xu%E1%BB%91ng_u00h4n.jpg','',_binary '','4b39ae1a-9379-47e9-8c80-0f5672f46c10'),('572f4301-3313-4c20-970f-787cd0966153','IMG1739519763308','https://res.cloudinary.com/dl1ahr7s5/image/upload/v1739347650/Screenshot_2024-10-13_113138_dkcbvo.png','',_binary '','72e3fe9e-a47d-4a7e-bbdd-ee610faa1f18'),('5e11c6d8-0c19-4eb1-a36b-45d66c641684','IMG1740308928869','https://res.cloudinary.com/dl1ahr7s5/image/upload/v1739714347/307375_pkjd7c.jpg','',_binary '','2426993d-01a0-4bdc-9ff5-4995b4f361ea'),('60d7325f-1513-45ad-b790-0d8c1c9a32e7','IMG1739899844890','https://res.cloudinary.com/dl1ahr7s5/image/upload/v1739390989/2023-07-12_kbrlns.png','',_binary '','061840ea-05d1-489a-af6c-291003491202'),('65e90be3-b9a4-4755-ae1c-7c89f9bbbc30','IMG1742577017875','https://res.cloudinary.com/dl1ahr7s5/image/upload/v1739412310/Screenshot_2025-02-12_234250_ie04wm.png','',_binary '','4bba63de-3521-453f-addc-25160d75cb50'),('6c90e017-0660-45ac-84e3-751e2fe3a019','IMG1744502314057','https://res.cloudinary.com/dl1ahr7s5/image/upload/v1739412310/Screenshot_2025-02-12_234250_ie04wm.png','',_binary '','f8729c3a-2215-47c2-931e-b177cb871007'),('6fa9277b-4df8-4c9b-8dc2-d9b375663032','IMG1739899844960','https://res.cloudinary.com/dl1ahr7s5/image/upload/v1739391116/newyork_ljbvmm.jpg','',_binary '','70835a28-7019-4c1c-a2ed-f2a009b4ece9'),('728131c6-8a12-4d38-9174-1f7a91c63719','IMG1740910600996','https://res.cloudinary.com/dl1ahr7s5/image/upload/v1739422589/t%E1%BA%A3i_xu%E1%BB%91ng_u00h4n.jpg','',_binary '','3f0a6468-73e0-4f36-b11e-296d7bfaba4d'),('73689a2a-64b7-4076-926c-2bc1633c18d0','IMG1740308310346','https://res.cloudinary.com/dl1ahr7s5/image/upload/v1739714347/307375_pkjd7c.jpg','',_binary '','85a4aefa-83a4-470f-bd2c-fa0545b0adac'),('762976c7-517b-4f4e-a1d3-a5ee7aa0810e','IMG1739519763271','https://res.cloudinary.com/dl1ahr7s5/image/upload/v1739519503/sp2_ajvxsp.png','',_binary '','72e3fe9e-a47d-4a7e-bbdd-ee610faa1f18'),('7b61857a-279f-415e-b99e-001f624f5af0','IMG1740308310429','https://res.cloudinary.com/dl1ahr7s5/image/upload/v1739041772/Screenshot_2024-02-28_222303_yeueru.png','',_binary '','4665b3b1-fe89-4779-be2b-9d05ed246e5b'),('81833837-4587-4f9a-aa0c-5e6a98ac1580','IMG1740308310438','https://res.cloudinary.com/dl1ahr7s5/image/upload/v1739070424/Screenshot_2024-02-22_174526_ftsa45.png','',_binary '','4665b3b1-fe89-4779-be2b-9d05ed246e5b'),('86339393-922d-4fca-9abd-9ec2079a5462','IMG1739899844883','https://res.cloudinary.com/dl1ahr7s5/image/upload/v1739391116/newyork_ljbvmm.jpg','',_binary '','061840ea-05d1-489a-af6c-291003491202'),('868fa1c6-bc8e-4376-b53a-8c2a8478699d','IMG1740910601073','https://res.cloudinary.com/dl1ahr7s5/image/upload/v1739412310/Screenshot_2025-02-12_234250_ie04wm.png','',_binary '','3f0a6468-73e0-4f36-b11e-296d7bfaba4d'),('8deff18e-df34-4e80-b8d3-3602d962161d','IMG1740910601200','https://res.cloudinary.com/dl1ahr7s5/image/upload/v1739447590/backgrounddefault_bc3vsi.jpg','',_binary '','9484808d-6bf1-43a7-804a-f9987b3b8f7b'),('8ea47963-6f99-4d8c-8fc4-510352309545','IMG1739899844922','https://res.cloudinary.com/dl1ahr7s5/image/upload/v1739391116/newyork_ljbvmm.jpg','',_binary '','b7253bf1-88d0-4110-81a2-a52ef6022307'),('8fe3aff5-5f96-4878-98b3-4519494419e2','IMG1742577017966','https://res.cloudinary.com/dl1ahr7s5/image/upload/v1739412310/Screenshot_2025-02-12_234250_ie04wm.png','',_binary '','c3f1d286-002e-4998-998f-55336983cadf'),('957d48c1-546f-4682-9bb4-ac89c15e6828','IMG1739519763119','https://res.cloudinary.com/dl1ahr7s5/image/upload/v1739416850/Screenshot_2025-02-11_174152_ghq23c.png','',_binary '','ab5258b5-f94f-4869-a2d0-7cd702e3ef5f'),('962978e2-daad-4804-a163-fb110ef1d6fb','IMG1744502314023','https://res.cloudinary.com/dl1ahr7s5/image/upload/v1739422185/Screenshot_2025-02-12_231247_ctscu6.png','',_binary '','f8729c3a-2215-47c2-931e-b177cb871007'),('96714b3b-8370-45a5-aab1-f3583aab2858','IMG1740910601468','https://res.cloudinary.com/dl1ahr7s5/image/upload/v1739412310/Screenshot_2025-02-12_234250_ie04wm.png','',_binary '','8830c9ed-39f8-4241-b548-9de74405deac'),('98cfd389-2256-4730-afcd-d7700a738857','IMG1739523889429','https://res.cloudinary.com/dl1ahr7s5/image/upload/v1739391116/newyork_ljbvmm.jpg','',_binary '','4393ee6d-f0ea-4e1d-a0f0-636c957b8165'),('9996bbb8-4fd3-401a-b907-e334f496458b','IMG1742577017741','https://res.cloudinary.com/dl1ahr7s5/image/upload/v1740306147/sp3_bf5qj0.jpg','',_binary '','61a1277d-6bd0-4596-9fcc-7cf908f04894'),('9d089b93-c1ea-4f67-8630-61444dd7a61f','IMG1740910601793','https://res.cloudinary.com/dl1ahr7s5/image/upload/v1739412310/Screenshot_2025-02-12_234250_ie04wm.png','',_binary '','4d2974ea-b76d-45a5-b52d-5f170e8896aa'),('a207c3d9-a2c9-4d85-a191-3ae21538c8b7','IMG1739523889334','https://res.cloudinary.com/dl1ahr7s5/image/upload/v1739422185/Screenshot_2025-02-12_231247_ctscu6.png','',_binary '','6639faec-b397-41c3-81fb-783dff594545'),('a5bfb17c-6c93-4cc6-acc2-356452ef1434','IMG1740910601273','https://res.cloudinary.com/dl1ahr7s5/image/upload/v1739412310/Screenshot_2025-02-12_234250_ie04wm.png','',_binary '','4b39ae1a-9379-47e9-8c80-0f5672f46c10'),('a6156309-14be-4f81-80fc-77b73a3b50a4','IMG1743955666619','https://res.cloudinary.com/dl1ahr7s5/image/upload/v1739412310/Screenshot_2025-02-12_234250_ie04wm.png','',_binary '','3be0daee-846d-473b-9fee-2e7a29e91552'),('a7da2332-c887-46dc-8f10-84268973dc65','IMG1739899844753','https://res.cloudinary.com/dl1ahr7s5/image/upload/v1739412310/Screenshot_2025-02-12_234250_ie04wm.png','',_binary '','3f92826e-0eea-44f2-ada6-1c581c54694d'),('b03cc2f9-3244-45c1-82fa-89a1bad0d8a0','IMG1740910601668','https://res.cloudinary.com/dl1ahr7s5/image/upload/v1739412310/Screenshot_2025-02-12_234250_ie04wm.png','',_binary '','14e83f96-ee63-4ca6-bd1a-648de9991c47'),('b1255e82-beec-4baf-8a5f-0057c8472669','IMG1740910601183','https://res.cloudinary.com/dl1ahr7s5/image/upload/v1739412310/Screenshot_2025-02-12_234250_ie04wm.png','',_binary '','9484808d-6bf1-43a7-804a-f9987b3b8f7b'),('b44e8682-6f25-49d3-9d9f-c2b8155cda52','IMG1740308928953','https://res.cloudinary.com/dl1ahr7s5/image/upload/v1739390989/2023-07-12_kbrlns.png','',_binary '','464b2463-2fbe-4207-a7fb-d50357a66174'),('b459327c-0b8d-4165-8362-583c62dd9b8a','IMG1740308928891','https://res.cloudinary.com/dl1ahr7s5/image/upload/v1740306147/sp3_bf5qj0.jpg','',_binary '','2426993d-01a0-4bdc-9ff5-4995b4f361ea'),('b4898f8e-903f-4a03-ab1c-0500f00e7069','IMG1743771751751','https://res.cloudinary.com/dl1ahr7s5/image/upload/v1740306147/sp3_bf5qj0.jpg','',_binary '','01db00ef-5145-4cfa-b736-4255bef939df'),('b569c617-2a70-40c7-b5ca-4a758482e04b','IMG1740910601734','https://res.cloudinary.com/dl1ahr7s5/image/upload/v1739412310/Screenshot_2025-02-12_234250_ie04wm.png','',_binary '','197d0db4-9d0e-4708-9610-4d21726cdf05'),('b6751d25-cc1f-46cb-9224-40b5dbf80330','IMG1739523889437','https://res.cloudinary.com/dl1ahr7s5/image/upload/v1739523857/sp4_tr2t99.jpg','',_binary '','4393ee6d-f0ea-4e1d-a0f0-636c957b8165'),('b8684b31-95a6-4bc7-b300-73fd85ad6724','IMG1739521956569','https://res.cloudinary.com/dl1ahr7s5/image/upload/v1739519503/sp2_ajvxsp.png','',_binary '','4610617a-7c4c-4b55-98d8-3d7b617a7a7b'),('c9eaa57f-d2a9-4a02-b9f3-79a00aad82bf','IMG1742577017788','https://res.cloudinary.com/dl1ahr7s5/image/upload/v1740306147/sp3_bf5qj0.jpg','',_binary '','98793d6b-f2a6-4404-af6f-b8438cb4771d'),('cf945f69-cd01-4362-a358-257459d85fee','IMG1744509145326','https://res.cloudinary.com/dl1ahr7s5/image/upload/v1740306147/sp3_bf5qj0.jpg','',_binary '','008bc41c-d7ee-4f1a-97f0-987d102b15ad'),('d01f6cb5-c192-4238-9acc-4f5e1ba6e84b','IMG1744267255505','https://res.cloudinary.com/dl1ahr7s5/image/upload/v1739412310/Screenshot_2025-02-12_234250_ie04wm.png','',_binary '','02195fe8-3498-469c-be33-c049732f0727'),('d0bfe0b6-4149-460e-a9de-196320aeda08','IMG1744502459235','https://res.cloudinary.com/dl1ahr7s5/image/upload/v1739447590/backgrounddefault_bc3vsi.jpg','',_binary '','7c4314be-981f-49ff-be52-4989f01dc7ac'),('d31e3483-b0e3-46b5-bdb3-296745f06afe','IMG1742577017923','https://res.cloudinary.com/dl1ahr7s5/image/upload/v1739412310/Screenshot_2025-02-12_234250_ie04wm.png','',_binary '','455aa19f-83da-490d-bef3-40fc95afa1b8'),('d514e51c-256a-4dae-8198-e0fac3d8dc55','IMG1739523889318','https://res.cloudinary.com/dl1ahr7s5/image/upload/v1739519503/sp2_ajvxsp.png','',_binary '','6639faec-b397-41c3-81fb-783dff594545'),('d93b2439-c14d-4096-91bb-b8db4d7b44fb','IMG1739519763145','https://res.cloudinary.com/dl1ahr7s5/image/upload/v1739422185/Screenshot_2025-02-12_231247_ctscu6.png','',_binary '','ab5258b5-f94f-4869-a2d0-7cd702e3ef5f'),('e731c9b4-a8b5-4556-ab31-0e9a5a32c266','IMG1744502459224','https://res.cloudinary.com/dl1ahr7s5/image/upload/v1739519503/sp2_ajvxsp.png','',_binary '','7c4314be-981f-49ff-be52-4989f01dc7ac'),('fcdafeec-b6c6-45c7-9a79-13aa025d8356','IMG1740910601615','https://res.cloudinary.com/dl1ahr7s5/image/upload/v1739412310/Screenshot_2025-02-12_234250_ie04wm.png','',_binary '','e3fe7452-028c-4dc9-9b27-44a07cb01a1a'),('ffd1707f-0d26-4de5-9d7c-290ac4137186','IMG1742577017996','https://res.cloudinary.com/dl1ahr7s5/image/upload/v1739412310/Screenshot_2025-02-12_234250_ie04wm.png','',_binary '','49c9ea0c-2c96-447e-98fb-2c6b9df591f4');
/*!40000 ALTER TABLE `anh_san_pham` ENABLE KEYS */;
UNLOCK TABLES;

--
-- Table structure for table `chat_lieu`
--

DROP TABLE IF EXISTS `chat_lieu`;
/*!40101 SET @saved_cs_client     = @@character_set_client */;
/*!50503 SET character_set_client = utf8mb4 */;
CREATE TABLE `chat_lieu` (
  `id` varchar(255) NOT NULL,
  `ma_chat_lieu` varchar(50) DEFAULT NULL,
  `ten_chat_lieu` varchar(255) DEFAULT NULL,
  `mo_ta` varchar(255) DEFAULT NULL,
  `trang_thai` bit(1) DEFAULT NULL,
  `ngay_tao` timestamp NULL DEFAULT CURRENT_TIMESTAMP,
  PRIMARY KEY (`id`),
  UNIQUE KEY `ma_chat_lieu` (`ma_chat_lieu`)
) ENGINE=InnoDB DEFAULT CHARSET=utf8mb4 COLLATE=utf8mb4_0900_ai_ci;
/*!40101 SET character_set_client = @saved_cs_client */;

--
-- Dumping data for table `chat_lieu`
--

LOCK TABLES `chat_lieu` WRITE;
/*!40000 ALTER TABLE `chat_lieu` DISABLE KEYS */;
INSERT INTO `chat_lieu` VALUES ('2af77f53-a74c-468b-b599-a080a828d253','CL1740308859121','linen','ok',_binary '','2025-02-23 11:07:39'),('307ff145-d0e5-460a-afd9-d8b606c23c18','CL1739505981393','sat','sat',_binary '','2025-02-18 17:11:45');
/*!40000 ALTER TABLE `chat_lieu` ENABLE KEYS */;
UNLOCK TABLES;

--
-- Table structure for table `danh_muc`
--

DROP TABLE IF EXISTS `danh_muc`;
/*!40101 SET @saved_cs_client     = @@character_set_client */;
/*!50503 SET character_set_client = utf8mb4 */;
CREATE TABLE `danh_muc` (
  `id` varchar(255) NOT NULL,
  `ma_danh_muc` varchar(50) DEFAULT NULL,
  `ten_danh_muc` varchar(255) DEFAULT NULL,
  `mo_ta` varchar(255) DEFAULT NULL,
  `trang_thai` bit(1) DEFAULT NULL,
  `ngay_tao` timestamp NULL DEFAULT CURRENT_TIMESTAMP,
  PRIMARY KEY (`id`),
  UNIQUE KEY `ma_danh_muc` (`ma_danh_muc`)
) ENGINE=InnoDB DEFAULT CHARSET=utf8mb4 COLLATE=utf8mb4_0900_ai_ci;
/*!40101 SET character_set_client = @saved_cs_client */;

--
-- Dumping data for table `danh_muc`
--

LOCK TABLES `danh_muc` WRITE;
/*!40000 ALTER TABLE `danh_muc` DISABLE KEYS */;
INSERT INTO `danh_muc` VALUES ('350987d0-b0f6-43b4-927a-a5504f82b942','M1740306553160','dm2ư','ok',_binary '','2025-02-23 10:29:13'),('dm01','dm1','dm1','mô tả cho danh mục 1 ',_binary '','2025-02-18 17:25:13');
/*!40000 ALTER TABLE `danh_muc` ENABLE KEYS */;
UNLOCK TABLES;

--
-- Table structure for table `dia_chi`
--

DROP TABLE IF EXISTS `dia_chi`;
/*!40101 SET @saved_cs_client     = @@character_set_client */;
/*!50503 SET character_set_client = utf8mb4 */;
CREATE TABLE `dia_chi` (
  `id` varchar(255) NOT NULL,
  `id_khach_hang` varchar(255) DEFAULT NULL,
  `xa` varchar(255) CHARACTER SET utf8mb3 COLLATE utf8mb3_general_ci DEFAULT NULL,
  `huyen` varchar(255) CHARACTER SET utf8mb3 COLLATE utf8mb3_general_ci DEFAULT NULL,
  `tinh` varchar(255) CHARACTER SET utf8mb3 COLLATE utf8mb3_general_ci DEFAULT NULL,
  `mo_ta` text,
  `trang_thai` int DEFAULT NULL,
  `ngay_tao` timestamp NULL DEFAULT CURRENT_TIMESTAMP,
  `ngay_sua` timestamp NULL DEFAULT NULL,
  `nguoi_tao` varchar(255) CHARACTER SET utf8mb3 COLLATE utf8mb3_general_ci DEFAULT NULL,
  `nguoi_sua` varchar(255) CHARACTER SET utf8mb3 COLLATE utf8mb3_general_ci DEFAULT NULL,
  `dia_chi_cu_the` varchar(255) CHARACTER SET utf8mb3 COLLATE utf8mb3_general_ci DEFAULT NULL,
  PRIMARY KEY (`id`),
  KEY `id_khach_hang` (`id_khach_hang`),
  CONSTRAINT `dia_chi_ibfk_1` FOREIGN KEY (`id_khach_hang`) REFERENCES `khach_hang` (`id`) ON DELETE CASCADE ON UPDATE CASCADE
) ENGINE=InnoDB DEFAULT CHARSET=utf8mb4 COLLATE=utf8mb4_0900_ai_ci;
/*!40101 SET character_set_client = @saved_cs_client */;

--
-- Dumping data for table `dia_chi`
--

LOCK TABLES `dia_chi` WRITE;
/*!40000 ALTER TABLE `dia_chi` DISABLE KEYS */;
INSERT INTO `dia_chi` VALUES ('37f9c032-04bd-4cda-9caf-5348039cff1c','e6362423-e2f4-4446-9801-8d1146bd775b','150105','1602','229',NULL,1,'2025-04-19 18:26:58',NULL,NULL,NULL,'Nhà 43'),('3c16d962-91e7-44ab-99ce-0868d70ac2c7','3628ce38-19e3-4311-a9f8-9389b52e5ad9','150105','1602','229',NULL,1,'2025-04-18 15:09:45',NULL,NULL,NULL,'Số nhà 72'),('815f3064-1fff-41fc-8c60-867cd7ca49d3','e3c29692-ab9f-491b-a81c-1691bf0073ef','21316','1461','202',NULL,1,'2025-04-19 18:25:24',NULL,NULL,NULL,'Nhà 70'),('a591b854-4d60-41b8-be89-5098dc419ba2','0864ccbc-149f-4386-b20c-813e266cfa82','80213','2264','269',NULL,1,'2025-04-19 17:14:31',NULL,NULL,NULL,'Nhà Cao'),('c19c3f4c-9d43-42ce-a401-ec1560a74238','e3c29692-ab9f-491b-a81c-1691bf0073ef','150111','1602','229',NULL,1,'2025-04-19 17:12:17',NULL,NULL,NULL,'Nhà số 9'),('c40a8a72-5c03-43a9-b606-50b65472f23c','0864ccbc-149f-4386-b20c-813e266cfa82','13010','3440','201',NULL,1,'2025-04-19 17:14:08',NULL,NULL,NULL,'Số 12, Nhà 313'),('cff1392b-1927-4c78-b7e5-6f0f348e2595','2bbadce7-0443-4356-9353-e59343bcd591','150105','1602','229',NULL,1,'2025-04-19 18:28:56',NULL,NULL,NULL,'Nhà 72');
/*!40000 ALTER TABLE `dia_chi` ENABLE KEYS */;
UNLOCK TABLES;

--
-- Table structure for table `hoa_don`
--

DROP TABLE IF EXISTS `hoa_don`;
/*!40101 SET @saved_cs_client     = @@character_set_client */;
/*!50503 SET character_set_client = utf8mb4 */;
CREATE TABLE `hoa_don` (
  `id` varchar(255) NOT NULL,
  `ma_hoa_don` varchar(50) DEFAULT NULL,
  `id_phieu_giam_gia` varchar(255) DEFAULT NULL,
  `id_khach_hang` varchar(255) DEFAULT NULL,
  `id_nhan_vien` varchar(255) DEFAULT NULL,
  `loai_hoa_don` int DEFAULT NULL,
  `ten_nguoi_nhan` varchar(255) CHARACTER SET utf8mb3 COLLATE utf8mb3_general_ci DEFAULT NULL,
  `so_dien_thoai` varchar(10) DEFAULT NULL,
  `email_nguoi_nhan` varchar(255) DEFAULT NULL,
  `dia_chi` varchar(255) CHARACTER SET utf8mb3 COLLATE utf8mb3_general_ci DEFAULT NULL,
  `trang_thai_giao_hang` int DEFAULT NULL,
  `thoi_gian_giao_hang` datetime DEFAULT NULL,
  `thoi_gian_nhan_hang` datetime DEFAULT NULL,
  `tong_tien` decimal(15,0) DEFAULT NULL,
  `ghi_chu` varchar(255) CHARACTER SET utf8mb3 COLLATE utf8mb3_general_ci DEFAULT NULL,
  `trang_thai` int DEFAULT NULL,
  `ngay_tao` timestamp NULL DEFAULT CURRENT_TIMESTAMP,
  `ngay_sua` timestamp NULL DEFAULT NULL,
  `nguoi_tao` varchar(255) CHARACTER SET utf8mb3 COLLATE utf8mb3_general_ci DEFAULT NULL,
  `nguoi_sua` varchar(255) CHARACTER SET utf8mb3 COLLATE utf8mb3_general_ci DEFAULT NULL,
  `phi_van_chuyen` decimal(15,2) DEFAULT NULL,
  PRIMARY KEY (`id`),
  UNIQUE KEY `ma_hoa_don` (`ma_hoa_don`),
  KEY `id_phieu_giam_gia` (`id_phieu_giam_gia`),
  KEY `id_khach_hang` (`id_khach_hang`),
  KEY `id_nhan_vien` (`id_nhan_vien`),
  CONSTRAINT `hoa_don_ibfk_1` FOREIGN KEY (`id_phieu_giam_gia`) REFERENCES `phieu_giam_gia` (`id`) ON DELETE CASCADE ON UPDATE CASCADE,
  CONSTRAINT `hoa_don_ibfk_2` FOREIGN KEY (`id_khach_hang`) REFERENCES `khach_hang` (`id`) ON DELETE CASCADE ON UPDATE CASCADE,
  CONSTRAINT `hoa_don_ibfk_3` FOREIGN KEY (`id_nhan_vien`) REFERENCES `nhan_vien` (`id`) ON DELETE CASCADE ON UPDATE CASCADE
) ENGINE=InnoDB DEFAULT CHARSET=utf8mb4 COLLATE=utf8mb4_0900_ai_ci;
/*!40101 SET character_set_client = @saved_cs_client */;

--
-- Dumping data for table `hoa_don`
--

LOCK TABLES `hoa_don` WRITE;
/*!40000 ALTER TABLE `hoa_don` DISABLE KEYS */;
INSERT INTO `hoa_don` VALUES ('020f1d8b','HD291618',NULL,NULL,NULL,3,'Khách hàng lẻ',NULL,NULL,'Số 13, Nhà 11, 290816, 3288, 235',NULL,NULL,NULL,240000,NULL,1,'2025-04-17 15:55:03','2025-04-17 15:55:58','Nông Tiến Thịnh',NULL,36501.00),('0e554803-3a96-4855-9639-2056eba1a2f9','HDO17433387323176612','pg003',NULL,NULL,1,'nong tien thinh','0356245551','thinhnongdev@gmail.com',NULL,1,NULL,NULL,10000000,'ok',1,'2025-03-30 12:45:33',NULL,NULL,NULL,NULL),('0f2a8737','HD922527',NULL,NULL,NULL,2,'Khách hàng lẻ',NULL,NULL,NULL,NULL,NULL,NULL,NULL,NULL,6,'2025-04-18 12:20:56','2025-04-18 12:21:40','Nông Tiến Thịnh',NULL,NULL),('178390f6-fddc-4fbf-bbbd-23fd0fd221ff','HD577807',NULL,NULL,NULL,2,'Khách hàng lẻ',NULL,NULL,NULL,NULL,NULL,NULL,240000,NULL,5,'2025-04-16 15:59:52','2025-04-17 03:14:10','Nông Tiến Thịnh',NULL,NULL),('187d4b9c-ff27-4622-802e-2bc7738c8706','HDO17433396087432853','pg001',NULL,NULL,1,'nong tien thinh','0356245551','thinhnongdev@gmail.com',NULL,1,NULL,NULL,846464,'',1,'2025-03-30 13:00:09',NULL,NULL,NULL,NULL),('1c38a755-ac77-47d5-afb5-1b4c43aef7eb','HDO17439255892206281','pg001',NULL,NULL,1,'thinh không ok','0356245555','tienthinhkk@gmail.com','sô 1 thế giới, 800052, 2163, 267',1,NULL,NULL,1700000,'ok',1,'2025-04-06 07:46:30',NULL,NULL,NULL,NULL),('2294890a','HD676773',NULL,NULL,NULL,2,'Khách hàng lẻ',NULL,NULL,NULL,NULL,NULL,NULL,280000,NULL,2,'2025-04-17 03:31:22','2025-04-17 03:45:44','Nông Tiến Thịnh',NULL,NULL),('26e7b7de-0ddf-40f5-bf48-c8f1ce644b83','HDO17433391367115883','pg001',NULL,NULL,1,'nong tien thinh','0356245551','thinhnongdev@gmail.com',NULL,1,NULL,NULL,2100000,'ok',1,'2025-03-30 12:52:17',NULL,NULL,NULL,NULL),('2c6b4ee0','HD625907',NULL,NULL,NULL,2,'Khách hàng lẻ',NULL,NULL,NULL,NULL,NULL,NULL,40000,NULL,6,'2025-04-17 03:51:41','2025-04-17 15:52:30','Nông Tiến Thịnh',NULL,NULL),('374df497','HD438110',NULL,NULL,NULL,2,'Khách hàng lẻ',NULL,NULL,NULL,NULL,NULL,NULL,160000,NULL,6,'2025-04-18 09:17:22','2025-04-18 12:01:59','Nông Tiến Thịnh',NULL,NULL),('39cc6594','HD668646',NULL,NULL,NULL,2,'Khách hàng lẻ',NULL,NULL,NULL,NULL,NULL,NULL,200000,NULL,5,'2025-04-17 03:29:46','2025-04-17 03:30:57','Nông Tiến Thịnh',NULL,NULL),('481c74ab','HD414123',NULL,NULL,NULL,2,'Khách hàng lẻ',NULL,NULL,NULL,NULL,NULL,'2025-04-18 18:51:23',400000,NULL,5,'2025-04-18 11:03:29','2025-04-18 11:51:23','Nông Tiến Thịnh',NULL,NULL),('4a919226','HD421790',NULL,NULL,NULL,2,'Khách hàng lẻ',NULL,NULL,NULL,NULL,NULL,NULL,200000,NULL,6,'2025-04-17 03:54:53','2025-04-17 03:55:24','Nông Tiến Thịnh',NULL,NULL),('4eb43f58','HD483630',NULL,NULL,NULL,2,'Khách hàng lẻ',NULL,NULL,NULL,NULL,NULL,NULL,40000,NULL,5,'2025-04-19 16:56:33','2025-04-19 16:56:51','Nông Tiến Thịnh',NULL,NULL),('502c6a0e','HD173869',NULL,NULL,NULL,2,'Khách hàng lẻ',NULL,NULL,NULL,NULL,NULL,NULL,440000,NULL,5,'2025-04-19 19:36:40','2025-04-19 19:38:00','Nông Tiến Thịnh',NULL,NULL),('52db00c8','HD443213',NULL,NULL,NULL,2,'Khách hàng lẻ',NULL,NULL,NULL,NULL,NULL,NULL,40000,NULL,5,'2025-04-17 15:52:28','2025-04-17 15:53:11','Nông Tiến Thịnh',NULL,NULL),('546485e8','HD890166',NULL,NULL,NULL,2,'Nguyễn Văn A','',NULL,'Không có địa chỉ',NULL,NULL,NULL,3452000,'',5,'2025-04-19 11:26:24','2025-04-19 15:28:46','Nông Tiến Thịnh','tienthinhkk@gmail.com',NULL),('59dd7242','HD468442',NULL,NULL,NULL,2,'Khách hàng lẻ',NULL,NULL,NULL,NULL,NULL,NULL,40000,NULL,6,'2025-04-18 12:19:38','2025-04-18 12:20:46','Nông Tiến Thịnh',NULL,NULL),('5fcbb4ba','HD980773',NULL,NULL,NULL,2,'Khách hàng lẻ',NULL,NULL,NULL,NULL,NULL,NULL,40000,'VNPAY_PAYMENT_COMPLETE',1,'2025-04-19 06:49:03','2025-04-19 06:52:27','Nông Tiến Thịnh',NULL,NULL),('64ce7ebf-3149-462e-b199-f8ea168ed615','HD349676',NULL,NULL,NULL,2,'Khách hàng lẻ',NULL,NULL,NULL,NULL,NULL,NULL,10440000,NULL,6,'2025-04-16 15:35:10','2025-04-16 15:59:54','Nông Tiến Thịnh',NULL,NULL),('64fdb5fc','HD729820',NULL,NULL,NULL,2,'Khách hàng lẻ',NULL,NULL,NULL,NULL,NULL,NULL,400000,NULL,5,'2025-04-19 16:52:29','2025-04-19 16:53:25','Nông Tiến Thịnh',NULL,NULL),('677b3361','HD212817',NULL,NULL,NULL,2,'Khách hàng lẻ',NULL,NULL,NULL,NULL,NULL,NULL,NULL,NULL,6,'2025-04-18 11:49:09','2025-04-18 11:49:36','Nông Tiến Thịnh',NULL,NULL),('677ddbfc-4547-4fcc-a808-096ba1fa5af8','HD168398','94dd1040-1f17-4c97-9cf4-e15a4a29d996',NULL,NULL,3,'Khách hàng lẻ',NULL,NULL,'Số 12, Nhà 2, 13010, 3440, 201',NULL,NULL,NULL,239985,NULL,5,'2025-04-16 14:40:59','2025-04-16 14:56:03','Nông Tiến Thịnh',NULL,0.00),('77cb7dcb','HD951834','dcb2b906-808d-4758-8d02-eae18fe42e39',NULL,NULL,2,'Khách hàng lẻ',NULL,NULL,NULL,NULL,NULL,NULL,206400,NULL,5,'2025-04-19 08:52:48','2025-04-19 08:58:31','Nông Tiến Thịnh',NULL,NULL),('7dd3be64','HD627909',NULL,'0864ccbc-149f-4386-b20c-813e266cfa82',NULL,3,'Nguyễn Duy Khánh','0326598741','namnv@gmail.com','Nhà Cao, 80213, 2264, 269',NULL,NULL,NULL,3092000,NULL,3,'2025-04-19 16:59:03','2025-04-19 19:31:31','Nông Tiến Thịnh',NULL,0.00),('7f11126a','HD074831','94dd1040-1f17-4c97-9cf4-e15a4a29d996',NULL,NULL,2,'Khách hàng lẻ',NULL,NULL,NULL,NULL,NULL,NULL,439985,NULL,5,'2025-04-17 03:46:00','2025-04-17 03:46:55','Nông Tiến Thịnh',NULL,NULL),('8391b293','HD142213',NULL,'3628ce38-19e3-4311-a9f8-9389b52e5ad9',NULL,3,'Nguyễn Quang Huy','0368262198','huyhiz124@gmail.com','Số nhà 72, 150105, 1602, 229',NULL,NULL,NULL,40000,'VNPAY_PAYMENT_COMPLETE',6,'2025-04-19 05:31:30','2025-04-19 06:09:11','Nông Tiến Thịnh',NULL,31501.00),('8c3568c8','HD909161',NULL,NULL,NULL,2,'Khách hàng lẻ',NULL,NULL,NULL,NULL,NULL,NULL,200000,NULL,5,'2025-04-17 03:50:15','2025-04-17 03:50:49','Nông Tiến Thịnh',NULL,NULL),('a020f0ec-7b31-45ae-99d4-1fb87796590b','HDO17439264956416600',NULL,NULL,NULL,1,'thinh không ok','0356245555','tienthinhkk@gmail.com','sô 1 thế giới, 800052, 2163, 267',1,NULL,NULL,1700000,'ok',1,'2025-04-06 08:01:36',NULL,NULL,NULL,36501.00),('ab0849aa','HD450919','dcb2b906-808d-4758-8d02-eae18fe42e39',NULL,NULL,2,'Khách hàng lẻ',NULL,NULL,NULL,NULL,NULL,NULL,206400,NULL,5,'2025-04-19 08:15:56','2025-04-19 08:56:20','Nông Tiến Thịnh',NULL,NULL),('c9183b91','HD110162',NULL,'3628ce38-19e3-4311-a9f8-9389b52e5ad9',NULL,3,'Nguyễn Quang Huy','0368262198','huyhiz124@gmail.com','Số nhà 72, 150105, 1602, 229',NULL,NULL,NULL,40000,'VNPAY_PAYMENT_COMPLETE',6,'2025-04-18 15:07:23','2025-04-19 06:09:09','Nông Tiến Thịnh',NULL,31501.00),('d2f68dfc','HD360044',NULL,NULL,NULL,3,'Khách hàng lẻ',NULL,NULL,'Số 13, Nhà 11, 220708, 2194, 268',NULL,NULL,NULL,40000,NULL,1,'2025-04-17 16:26:19','2025-04-17 16:27:13','Nông Tiến Thịnh',NULL,36501.00),('dbfc226e','HD170252',NULL,NULL,NULL,2,'Khách hàng lẻ',NULL,NULL,NULL,NULL,NULL,NULL,40000,NULL,5,'2025-04-19 16:54:27','2025-04-19 16:56:14','Nông Tiến Thịnh',NULL,NULL),('e1e995c6-41c1-4e5b-9c11-fd850dec37ab','HDO17439251627232055','pg001',NULL,NULL,1,'thinh không ok','0356245555','tienthinhkk@gmail.com','sô 1 thế giới, 800052, 2163, 267',1,NULL,NULL,1700000,'ok',1,'2025-04-06 07:39:23',NULL,NULL,NULL,NULL),('e6c499e3','HD089683',NULL,NULL,NULL,2,'Khách hàng lẻ',NULL,NULL,NULL,NULL,NULL,NULL,40000,'VNPAY_PAYMENT_COMPLETE',6,'2025-04-19 06:09:37','2025-04-19 06:49:05','Nông Tiến Thịnh',NULL,NULL),('e8a0cf46','HD293956',NULL,NULL,NULL,2,'Khách hàng lẻ',NULL,NULL,NULL,NULL,NULL,NULL,40000,NULL,6,'2025-04-17 03:49:19','2025-04-17 03:50:14','Nông Tiến Thịnh',NULL,NULL),('f9936fa0','HD094355',NULL,NULL,NULL,2,'Khách hàng lẻ',NULL,NULL,NULL,NULL,NULL,NULL,NULL,NULL,6,'2025-04-18 12:13:08','2025-04-18 12:13:52','Nông Tiến Thịnh',NULL,NULL),('fd7560da','HD611043',NULL,NULL,NULL,2,'Khách hàng lẻ',NULL,NULL,NULL,NULL,NULL,NULL,40000,NULL,6,'2025-04-19 15:48:28','2025-04-19 16:52:32','Nông Tiến Thịnh',NULL,NULL),('HD01606d03','HD261832',NULL,NULL,NULL,3,'Khách hàng lẻ',NULL,NULL,'Nhà 1, Số 12, 150111, 1602, 229',NULL,'2025-04-12 02:56:41','2025-04-12 02:56:44',220000,NULL,5,'2025-04-11 19:55:13','2025-04-11 19:56:44','Nông Tiến Thịnh',NULL,31501.00),('HD05f827a7','HD914713',NULL,NULL,NULL,3,'Khách hàng lẻ',NULL,NULL,'Nhà 1, Số 12, 150111, 1602, 229',NULL,NULL,NULL,NULL,NULL,6,'2025-04-08 13:37:59','2025-04-08 13:43:52','Nông Tiến Thịnh',NULL,0.00),('HD0a4523df','HD259968',NULL,NULL,NULL,2,'Khách hàng lẻ',NULL,NULL,NULL,NULL,'2025-04-04 00:55:18','2025-04-04 00:55:37',410000,NULL,5,'2025-04-03 17:15:54','2025-04-03 17:55:37','Nông Tiến Thịnh',NULL,NULL),('HD0cd25c35','HD294106',NULL,NULL,NULL,3,'Khách hàng lẻ',NULL,NULL,'Nhà 1, Số 12, 150111, 1602, 229',NULL,NULL,NULL,NULL,NULL,6,'2025-04-06 14:55:57','2025-04-06 14:56:16','Nông Tiến Thịnh',NULL,NULL),('HD1400166c','HD175158','d488786c-066c-4902-b38d-e28f87d9d680',NULL,NULL,2,'Khách hàng lẻ',NULL,NULL,NULL,NULL,NULL,NULL,617868,NULL,1,'2025-04-04 12:55:47','2025-04-04 15:05:07','Nông Tiến Thịnh',NULL,NULL),('HD25506ef0','HD761774','d488786c-066c-4902-b38d-e28f87d9d680',NULL,NULL,2,'Khách hàng lẻ',NULL,NULL,NULL,NULL,NULL,'2025-04-05 00:49:43',217868,NULL,5,'2025-04-04 17:45:58','2025-04-04 17:49:43','Nông Tiến Thịnh',NULL,NULL),('HD2bca696f','HD720797',NULL,NULL,NULL,3,'Khách hàng lẻ',NULL,NULL,'Không rõ, 220713, 2194, 268',NULL,NULL,NULL,190000,'',6,'2025-04-04 07:58:08','2025-04-04 10:26:57','Nông Tiến Thịnh','tienthinhkk@gmail.com',36501.00),('HD2e448207','HD034329',NULL,NULL,NULL,3,'Khách hàng lẻ',NULL,NULL,'Số 13, Nhà 11, Cao Cao, 231013, 2270, 267',NULL,'2025-03-29 02:17:44',NULL,576000,'',6,'2025-03-27 18:09:45','2025-04-01 16:25:47','Nông Tiến Thịnh','tienthinhkk@gmail.com',36501.00),('HD3f7f95a5','HD653432',NULL,NULL,NULL,2,'Khách hàng lẻ',NULL,NULL,'Nhà 1, Số 12, 150111, 1602, 229',NULL,NULL,NULL,700000,NULL,2,'2025-04-11 19:46:30','2025-04-11 19:54:41','Nông Tiến Thịnh',NULL,0.00),('HD4e65d2d1','HD825979',NULL,NULL,NULL,2,'Khách hàng lẻ',NULL,NULL,'Nhà 1, Số 12, 150111, 1602, 229',NULL,NULL,'2025-04-11 17:11:07',220000,NULL,5,'2025-04-10 07:04:06','2025-04-11 10:11:07','Nông Tiến Thịnh',NULL,0.00),('HD519f8a17','HD489296',NULL,NULL,NULL,3,'Khách hàng lẻ','',NULL,'Số 12, 13009, 3440, 201',NULL,'2025-04-12 02:45:01','2025-04-12 02:45:04',240000,'',5,'2025-04-10 06:35:35','2025-04-11 19:45:04','Nông Tiến Thịnh','tienthinhkk@gmail.com',21001.00),('HD54d72f45','HD942780',NULL,NULL,NULL,3,'Khách hàng lẻ',NULL,NULL,'Nhà 1, Số 12, 150111, 1602, 229',NULL,NULL,NULL,NULL,NULL,6,'2025-04-08 13:12:23','2025-04-08 13:12:58','Nông Tiến Thịnh',NULL,NULL),('HD642ee239','HD256533',NULL,NULL,NULL,2,'Khách hàng lẻ',NULL,NULL,'Nhà 1, Số 12, 150111, 1602, 229',NULL,NULL,NULL,220000,NULL,5,'2025-04-10 06:34:24','2025-04-10 06:34:50','Nông Tiến Thịnh',NULL,0.00),('HD894923d8','HD185800','d488786c-066c-4902-b38d-e28f87d9d680',NULL,NULL,2,'Khách hàng lẻ',NULL,NULL,NULL,NULL,NULL,NULL,187868,NULL,5,'2025-04-01 19:09:12','2025-04-01 19:09:47','Nông Tiến Thịnh',NULL,NULL),('HD8e41158c','HD917647',NULL,NULL,NULL,2,'Khách hàng lẻ',NULL,NULL,NULL,NULL,NULL,NULL,5500000,NULL,6,'2025-03-28 10:09:36','2025-04-01 17:03:37','Nông Tiến Thịnh',NULL,NULL),('HD95aaeb8b','HD881239','pg004',NULL,NULL,3,'Khách hàng lẻ',NULL,NULL,'Số nhà 13, Đường 14, 220714, 2194, 268',NULL,'2025-04-02 01:54:54','2025-04-02 01:55:20',2414000,NULL,5,'2025-04-01 17:50:54','2025-04-01 18:55:20','Nông Tiến Thịnh',NULL,36501.00),('HD9c62d1df','HD680931','d488786c-066c-4902-b38d-e28f87d9d680',NULL,NULL,2,'Khách hàng lẻ',NULL,NULL,NULL,NULL,NULL,'2025-04-04 14:56:50',387868,NULL,5,'2025-04-04 07:40:37','2025-04-04 07:56:50','Nông Tiến Thịnh',NULL,NULL),('HD9f08dcfc','HD771440',NULL,NULL,NULL,2,'Khách hàng lẻ',NULL,NULL,'Nhà 1, Số 12, 150111, 1602, 229',NULL,NULL,'2025-04-11 16:04:33',220000,NULL,5,'2025-04-11 09:03:28','2025-04-11 09:04:33','Nông Tiến Thịnh',NULL,0.00),('HDa96829a3','HD216755','pg001',NULL,NULL,2,'Khách hàng lẻ',NULL,NULL,NULL,NULL,NULL,NULL,739800,NULL,1,'2025-04-06 09:53:51','2025-04-06 09:55:49','Nông Tiến Thịnh',NULL,NULL),('HDaf109366','HD607808',NULL,NULL,NULL,3,'Khách hàng lẻ','',NULL,'Số 1, 800102, 3272, 229',NULL,NULL,NULL,NULL,'',6,'2025-04-09 09:51:21','2025-04-10 06:34:22','Nông Tiến Thịnh','tienthinhkk@gmail.com',31501.00),('HDb0ee41f6','HD115806',NULL,NULL,NULL,2,'Khách hàng lẻ',NULL,NULL,NULL,NULL,NULL,NULL,200000,NULL,6,'2025-04-04 13:09:33','2025-04-04 17:45:49','Nông Tiến Thịnh',NULL,NULL),('HDc1e8ad2e','HD666327',NULL,NULL,NULL,2,'Khách hàng lẻ',NULL,NULL,'Nhà 1, Số 12, 150111, 1602, 229',NULL,NULL,'2025-04-11 17:42:33',620000,NULL,5,'2025-04-11 10:41:42','2025-04-11 10:42:33','Nông Tiến Thịnh',NULL,0.00),('HDc86bfeb2','HD866206','d488786c-066c-4902-b38d-e28f87d9d680',NULL,NULL,3,'Khách hàng lẻ',NULL,NULL,'Số 12, Nhà 12, 220910, 2046, 268',NULL,'2025-04-08 22:14:04','2025-04-08 22:14:10',1057868,NULL,5,'2025-04-08 13:50:56','2025-04-08 15:14:10','Nông Tiến Thịnh',NULL,36501.00),('HDd818c613','HD273159',NULL,NULL,NULL,3,'Khách hàng lẻ',NULL,NULL,'Nhà 1, Số 12, 150111, 1602, 229',NULL,NULL,NULL,622000,NULL,6,'2025-04-08 13:11:07','2025-04-08 13:51:03','Nông Tiến Thịnh',NULL,0.00),('HDdaffa8f9','HD138745',NULL,NULL,NULL,2,'Khách hàng lẻ',NULL,NULL,'Số 122, Nhà 11, 220714, 2194, 268',NULL,'2025-04-04 14:40:14','2025-04-04 14:40:24',824000,'',5,'2025-04-03 18:14:08','2025-04-04 07:40:24','Nông Tiến Thịnh','tienthinhkk@gmail.com',0.00),('HDf2b92245','HD547850',NULL,NULL,NULL,2,'Khách hàng lẻ',NULL,NULL,NULL,NULL,NULL,'2025-04-04 14:57:27',2000,NULL,5,'2025-04-04 07:56:59','2025-04-04 07:57:27','Nông Tiến Thịnh',NULL,NULL),('HDf51574d6','HD531925',NULL,NULL,NULL,3,'Khách hàng lẻ',NULL,NULL,'Số 123, Nhà 12, 220707, 2194, 268',NULL,'2025-04-11 15:54:20','2025-04-11 15:54:23',2000000,NULL,5,'2025-04-11 08:32:08','2025-04-11 08:54:23','Nông Tiến Thịnh',NULL,0.00);
/*!40000 ALTER TABLE `hoa_don` ENABLE KEYS */;
UNLOCK TABLES;

--
-- Table structure for table `hoa_don_chi_tiet`
--

DROP TABLE IF EXISTS `hoa_don_chi_tiet`;
/*!40101 SET @saved_cs_client     = @@character_set_client */;
/*!50503 SET character_set_client = utf8mb4 */;
CREATE TABLE `hoa_don_chi_tiet` (
  `id` varchar(255) NOT NULL,
  `id_hoa_don` varchar(255) DEFAULT NULL,
  `id_san_pham_chi_tiet` varchar(255) DEFAULT NULL,
  `so_luong` int DEFAULT NULL,
  `mo_ta` varchar(255) CHARACTER SET utf8mb3 COLLATE utf8mb3_general_ci DEFAULT NULL,
  `trang_thai` int DEFAULT NULL,
  `ngay_tao` timestamp NULL DEFAULT CURRENT_TIMESTAMP,
  `ngay_sua` timestamp NULL DEFAULT NULL,
  `nguoi_tao` varchar(255) CHARACTER SET utf8mb3 COLLATE utf8mb3_general_ci DEFAULT NULL,
  `nguoi_sua` varchar(255) CHARACTER SET utf8mb3 COLLATE utf8mb3_general_ci DEFAULT NULL,
  `gia_tai_thoi_diem_them` decimal(10,0) DEFAULT NULL,
  `ngay_them_vao_gio` datetime DEFAULT NULL,
  PRIMARY KEY (`id`),
  KEY `id_hoa_don` (`id_hoa_don`),
  KEY `id_san_pham_chi_tiet` (`id_san_pham_chi_tiet`),
  CONSTRAINT `hoa_don_chi_tiet_ibfk_1` FOREIGN KEY (`id_hoa_don`) REFERENCES `hoa_don` (`id`) ON DELETE CASCADE ON UPDATE CASCADE,
  CONSTRAINT `hoa_don_chi_tiet_ibfk_2` FOREIGN KEY (`id_san_pham_chi_tiet`) REFERENCES `san_pham_chi_tiet` (`id`) ON DELETE CASCADE ON UPDATE CASCADE
) ENGINE=InnoDB DEFAULT CHARSET=utf8mb4 COLLATE=utf8mb4_0900_ai_ci;
/*!40101 SET character_set_client = @saved_cs_client */;

--
-- Dumping data for table `hoa_don_chi_tiet`
--

LOCK TABLES `hoa_don_chi_tiet` WRITE;
/*!40000 ALTER TABLE `hoa_don_chi_tiet` DISABLE KEYS */;
INSERT INTO `hoa_don_chi_tiet` VALUES ('01e5b42f-3fa8-41e5-bb37-7c7b72528ab9','HDc1e8ad2e','12a77fc0-f2dd-4fb5-8fa6-4debddb62249',1,NULL,1,'2025-04-11 10:41:50','2025-04-11 10:41:51',NULL,NULL,200000,'2025-04-11 17:41:51'),('029c909d-37a3-4845-8e0c-e356839fec40','59dd7242','02195fe8-3498-469c-be33-c049732f0727',1,NULL,1,'2025-04-18 12:19:49','2025-04-18 12:19:53',NULL,NULL,40000,'2025-04-18 19:19:49'),('031622bc-c09f-4df5-abe9-ae17a8941abe','546485e8','3ccc7099-66c9-4ee4-ba35-06a25371bde8',1,NULL,1,'2025-04-19 11:34:11',NULL,NULL,NULL,200000,'2025-04-19 18:34:11'),('071b553f-6023-4f8e-8926-1bacc3322523','HD1400166c','01db00ef-5145-4cfa-b736-4255bef939df',1,NULL,1,'2025-04-04 14:22:47','2025-04-13 03:16:05',NULL,NULL,200000,'2025-04-13 10:16:05'),('0a0ca144-8d1c-456c-aff2-6af27a0a3590','64fdb5fc','02195fe8-3498-469c-be33-c049732f0727',10,NULL,1,'2025-04-19 16:52:40',NULL,NULL,NULL,40000,'2025-04-19 23:52:40'),('0a48ae7b-625d-4884-a740-107da3566f74','e6c499e3','02195fe8-3498-469c-be33-c049732f0727',1,NULL,1,'2025-04-19 06:09:42',NULL,NULL,NULL,40000,'2025-04-19 13:09:42'),('0d410ed2-a02e-4fe1-ada4-beeed858b071','64ce7ebf-3149-462e-b199-f8ea168ed615','de8d5e91-6896-40fd-bdd3-fb6a3e8e8ff5',1,NULL,1,'2025-04-16 15:36:10','2025-04-16 15:36:10',NULL,NULL,10000000,'2025-04-16 22:36:10'),('0f580297-bec0-4140-9f95-cac75e78b5f8','7f11126a','02195fe8-3498-469c-be33-c049732f0727',1,NULL,1,'2025-04-17 03:46:05',NULL,NULL,NULL,40000,'2025-04-17 10:46:05'),('13251cd1-612b-4446-be39-01d7d51efff5','77cb7dcb','12a77fc0-f2dd-4fb5-8fa6-4debddb62249',1,NULL,1,'2025-04-19 08:53:04',NULL,NULL,NULL,200000,'2025-04-19 15:53:04'),('13636ca9-626c-4f02-98f3-99105ff70d29','77cb7dcb','02195fe8-3498-469c-be33-c049732f0727',1,NULL,1,'2025-04-19 08:53:04',NULL,NULL,NULL,40000,'2025-04-19 15:53:04'),('15c568a4-80d0-4547-9b20-8bd17f062227','677ddbfc-4547-4fcc-a808-096ba1fa5af8','02195fe8-3498-469c-be33-c049732f0727',1,NULL,1,'2025-04-16 14:42:03',NULL,NULL,NULL,40000,'2025-04-16 21:42:03'),('19a9360d-1600-40dc-a8b2-029496096ede','020f1d8b','01db00ef-5145-4cfa-b736-4255bef939df',1,NULL,1,'2025-04-17 15:55:08','2025-04-19 06:58:11',NULL,NULL,200000,'2025-04-19 13:58:11'),('1b85d779-72fa-4a76-ad82-d85972f7983a','26e7b7de-0ddf-40f5-bf48-c8f1ce644b83','01db00ef-5145-4cfa-b736-4255bef939df',10,NULL,1,'2025-03-30 12:52:17','2025-03-30 12:52:37',NULL,NULL,210000,'2025-03-30 19:52:37'),('1c027b98-5e9a-40dc-b816-2f8061e3b987','HD642ee239','008bc41c-d7ee-4f1a-97f0-987d102b15ad',1,NULL,1,'2025-04-10 06:34:29','2025-04-10 06:34:29',NULL,NULL,220000,'2025-04-10 13:34:29'),('1d439656-2d2c-4929-9271-deeeef2765a8','7dd3be64','02195fe8-3498-469c-be33-c049732f0727',1,NULL,1,'2025-04-19 18:35:50',NULL,NULL,NULL,40000,'2025-04-20 01:35:50'),('1dac95cd-7627-4625-9339-d7d8ffdf1076','c9183b91','02195fe8-3498-469c-be33-c049732f0727',1,NULL,1,'2025-04-19 05:29:49',NULL,NULL,NULL,40000,'2025-04-19 12:29:49'),('2051a450-cba9-4bb2-8b69-f08737dd3f82','HDc86bfeb2','01db00ef-5145-4cfa-b736-4255bef939df',2,NULL,1,'2025-04-08 13:52:42','2025-04-10 06:33:25',NULL,NULL,200000,'2025-04-10 13:33:25'),('2458134d-222c-4070-a8dd-055c1fd7d162','HD95aaeb8b','02195fe8-3498-469c-be33-c049732f0727',1,NULL,1,'2025-04-01 17:51:01','2025-04-01 17:51:04',NULL,NULL,2000,'2025-04-02 00:51:04'),('29097183-67c4-4f98-adee-5cace485effc','HD95aaeb8b','01db00ef-5145-4cfa-b736-4255bef939df',1,NULL,1,'2025-04-01 17:51:05','2025-04-01 17:51:05',NULL,NULL,220000,'2025-04-02 00:51:05'),('2d012dd5-9fb9-4bb5-ba47-ad58e14e5d4c','7f11126a','12a77fc0-f2dd-4fb5-8fa6-4debddb62249',1,NULL,1,'2025-04-17 03:46:05',NULL,NULL,NULL,200000,'2025-04-17 10:46:05'),('2dbdd119-70cf-4b38-a8ff-aa0a41b25f1a','2294890a','01db00ef-5145-4cfa-b736-4255bef939df',1,NULL,1,'2025-04-17 03:31:32',NULL,NULL,NULL,200000,'2025-04-17 10:31:32'),('2e60d173-50dc-46a2-b7c4-f9e2e91ce31d','64ce7ebf-3149-462e-b199-f8ea168ed615','02195fe8-3498-469c-be33-c049732f0727',1,NULL,1,'2025-04-16 15:35:18',NULL,NULL,NULL,40000,'2025-04-16 22:35:18'),('2f029d5a-a578-4969-b16a-16e3e13fa4ff','HDdaffa8f9','061840ea-05d1-489a-af6c-291003491202',3,NULL,1,'2025-04-03 18:14:23','2025-04-03 18:54:29',NULL,NULL,200000,'2025-04-04 01:14:23'),('31b98ac6-278d-40f4-ad0a-9f4b2e20a4b4','8c3568c8','01db00ef-5145-4cfa-b736-4255bef939df',1,NULL,1,'2025-04-17 03:50:23',NULL,NULL,NULL,200000,'2025-04-17 10:50:23'),('33e788a0-8300-499a-8fcd-abed3ce6d921','HD2e448207','01db00ef-5145-4cfa-b736-4255bef939df',1,NULL,1,'2025-03-30 14:58:18','2025-04-04 09:32:00',NULL,NULL,220000,'2025-04-04 16:32:00'),('3c877a92-9fbb-43be-ace6-5997de5eacfa','HD9c62d1df','008bc41c-d7ee-4f1a-97f0-987d102b15ad',1,NULL,1,'2025-04-04 07:43:03','2025-04-08 10:07:56',NULL,NULL,220000,'2025-04-08 17:07:56'),('3d0bbbb4-4a8a-4934-9710-34bc0a7b1476','HDb0ee41f6','01db00ef-5145-4cfa-b736-4255bef939df',1,NULL,1,'2025-04-04 15:59:26',NULL,NULL,NULL,200000,'2025-04-04 22:59:25'),('3defc18c-eadb-47c5-b3d5-c5d28de5f702','7dd3be64','01db00ef-5145-4cfa-b736-4255bef939df',1,NULL,1,'2025-04-19 18:35:50',NULL,NULL,NULL,200000,'2025-04-20 01:35:50'),('3e9e7f39-1c1a-47d4-b56c-2a9b86b18cfd','178390f6-fddc-4fbf-bbbd-23fd0fd221ff','02195fe8-3498-469c-be33-c049732f0727',1,NULL,1,'2025-04-16 16:00:02',NULL,NULL,NULL,40000,'2025-04-16 23:00:02'),('442e41a1-41e0-4eba-9e10-7850cc105fbc','502c6a0e','02195fe8-3498-469c-be33-c049732f0727',1,NULL,1,'2025-04-19 19:36:46',NULL,NULL,NULL,40000,'2025-04-20 02:36:46'),('446bd520-8e8d-4405-8d6e-2ab04d8956c9','HDc1e8ad2e','008bc41c-d7ee-4f1a-97f0-987d102b15ad',1,NULL,1,'2025-04-11 10:41:48','2025-04-11 10:41:48',NULL,NULL,220000,'2025-04-11 17:41:48'),('4473d7e5-3e56-43c0-81f1-79256644cbd3','HD2e448207','01db00ef-5145-4cfa-b736-4255bef939df',1,NULL,1,'2025-03-30 14:59:40','2025-04-01 16:22:58',NULL,NULL,220000,'2025-04-01 23:22:58'),('457b6c9c-4533-4554-9e1e-3d6421bb0fbb','374df497','02195fe8-3498-469c-be33-c049732f0727',4,NULL,1,'2025-04-18 09:51:46','2025-04-18 11:01:01',NULL,NULL,40000,'2025-04-18 16:51:46'),('483a60f6-0928-47b8-b2bc-6a50672d1f6b','481c74ab','01db00ef-5145-4cfa-b736-4255bef939df',2,NULL,1,'2025-04-18 11:03:57','2025-04-18 11:06:14',NULL,NULL,200000,'2025-04-18 18:03:57'),('49a92576-e44c-41e9-ab1e-f31f99b3653e','a020f0ec-7b31-45ae-99d4-1fb87796590b','3f92826e-0eea-44f2-ada6-1c581c54694d',1,NULL,1,'2025-04-06 08:01:37','2025-04-19 08:22:42',NULL,NULL,200000,'2025-04-19 15:22:42'),('4becb5b9-05a7-4c94-bf32-3da0877d56dc','dbfc226e','02195fe8-3498-469c-be33-c049732f0727',1,NULL,1,'2025-04-19 16:55:18',NULL,NULL,NULL,40000,'2025-04-19 23:55:18'),('4fd02c6d-6916-4902-ae0f-df6ecc2b0aa3','HD95aaeb8b','2426993d-01a0-4bdc-9ff5-4995b4f361ea',1,NULL,1,'2025-04-01 17:52:32','2025-04-01 17:52:33',NULL,NULL,2002000,'2025-04-02 00:52:33'),('50918932-3dc1-4c85-aa8b-c9658354215f','e8a0cf46','02195fe8-3498-469c-be33-c049732f0727',1,NULL,1,'2025-04-17 03:49:24',NULL,NULL,NULL,40000,'2025-04-17 10:49:24'),('51939aa3-28c2-4ba9-bdb4-bb3bddc0b4d0','7dd3be64','3be0daee-846d-473b-9fee-2e7a29e91552',1,NULL,1,'2025-04-19 18:35:59',NULL,NULL,NULL,250000,'2025-04-20 01:35:59'),('522fd780-587d-4a95-ae1c-3808c28f4542','7f11126a','01db00ef-5145-4cfa-b736-4255bef939df',1,NULL,1,'2025-04-17 03:46:05',NULL,NULL,NULL,200000,'2025-04-17 10:46:05'),('52392618-c2d5-4af1-bba0-d2c2d0933b4f','HD95aaeb8b','061840ea-05d1-489a-af6c-291003491202',1,NULL,1,'2025-04-01 17:51:05','2025-04-01 17:51:07',NULL,NULL,200000,'2025-04-02 00:51:07'),('5277d698-59ef-4509-8355-eb9e6451787c','7dd3be64','12a77fc0-f2dd-4fb5-8fa6-4debddb62249',1,NULL,1,'2025-04-19 18:35:50',NULL,NULL,NULL,200000,'2025-04-20 01:35:50'),('56fccce4-c717-4c8f-bff0-4af8ccde73c6','HD8e41158c','01db00ef-5145-4cfa-b736-4255bef939df',25,NULL,1,'2025-04-01 16:39:04','2025-04-08 10:06:55',NULL,NULL,200000,'2025-04-08 17:06:55'),('597741a0-200f-4399-a2c9-3fe6f210508d','020f1d8b','02195fe8-3498-469c-be33-c049732f0727',1,NULL,1,'2025-04-17 15:55:08','2025-04-19 06:58:12',NULL,NULL,40000,'2025-04-19 13:58:12'),('5d464079-2177-4d15-a2e9-48807cccdad0','HDd818c613','02195fe8-3498-469c-be33-c049732f0727',1,NULL,1,'2025-04-08 13:11:19','2025-04-08 13:11:20',NULL,NULL,2000,'2025-04-08 20:11:20'),('5e967192-bafc-4ae6-8b5e-1798e4191c9f','HD3f7f95a5','02195fe8-3498-469c-be33-c049732f0727',1,NULL,1,'2025-04-11 19:46:55','2025-04-11 19:46:56',NULL,NULL,40000,'2025-04-12 02:46:56'),('5ebf73cb-650e-4a15-a621-18427bb76f1c','HD2e448207','061840ea-05d1-489a-af6c-291003491202',1,NULL,1,'2025-04-01 16:23:44',NULL,NULL,NULL,200000,'2025-04-01 23:23:44'),('60ca5eee-4030-41f7-9fa4-9609b42af564','HD0a4523df','008bc41c-d7ee-4f1a-97f0-987d102b15ad',1,NULL,1,'2025-04-03 17:54:08','2025-04-16 15:12:42',NULL,NULL,220000,'2025-04-16 22:12:42'),('64a2a20e-cc12-470d-b6a3-704733d49d80','2c6b4ee0','02195fe8-3498-469c-be33-c049732f0727',1,NULL,1,'2025-04-17 03:51:47',NULL,NULL,NULL,40000,'2025-04-17 10:51:47'),('6a47142f-fc54-41ec-8718-a0d367214d90','HDa96829a3','02195fe8-3498-469c-be33-c049732f0727',1,NULL,1,'2025-04-06 09:54:02','2025-04-13 03:15:24',NULL,NULL,40000,'2025-04-13 10:15:24'),('6a9e9f04-9e85-43f6-8429-d9d907ffcba2','HD4e65d2d1','008bc41c-d7ee-4f1a-97f0-987d102b15ad',1,NULL,1,'2025-04-11 10:10:47',NULL,NULL,NULL,220000,'2025-04-11 17:10:47'),('6f45bfe2-495d-4eef-940f-e68f89c00ef6','178390f6-fddc-4fbf-bbbd-23fd0fd221ff','01db00ef-5145-4cfa-b736-4255bef939df',1,NULL,1,'2025-04-16 16:00:02',NULL,NULL,NULL,200000,'2025-04-16 23:00:02'),('701536ea-f7f1-4b41-b1ff-8429a09eca01','fd7560da','02195fe8-3498-469c-be33-c049732f0727',1,NULL,1,'2025-04-19 16:31:44',NULL,NULL,NULL,40000,'2025-04-19 23:31:44'),('701971bc-0792-4793-b05d-5533f507c463','HD1400166c','12a77fc0-f2dd-4fb5-8fa6-4debddb62249',1,NULL,1,'2025-04-04 14:23:27','2025-04-13 03:16:05',NULL,NULL,200000,'2025-04-13 10:16:05'),('73a92349-1869-4c7b-b325-3bb447befcd5','HD25506ef0','008bc41c-d7ee-4f1a-97f0-987d102b15ad',1,NULL,1,'2025-04-04 17:46:09','2025-04-08 10:08:12',NULL,NULL,220000,'2025-04-08 17:08:12'),('74aa2ac0-745d-486e-b641-8f5817de676e','187d4b9c-ff27-4622-802e-2bc7738c8706','c0bfcac5-08dc-4557-b9ed-1bc45b64be63',1,NULL,1,'2025-03-30 13:00:09','2025-04-08 10:07:20',NULL,NULL,323232,'2025-04-08 17:07:20'),('74bc589e-02e3-4eee-8009-10d59b55da25','HDd818c613','12a77fc0-f2dd-4fb5-8fa6-4debddb62249',1,NULL,1,'2025-04-08 13:11:19','2025-04-08 13:11:27',NULL,NULL,200000,'2025-04-08 20:11:27'),('7546eeec-aef5-443f-b30f-330b234fadf8','ab0849aa','01db00ef-5145-4cfa-b736-4255bef939df',1,NULL,1,'2025-04-19 08:55:32',NULL,NULL,NULL,200000,'2025-04-19 15:55:32'),('77672c2e-0e32-41ee-8635-a5e1f65e7017','8391b293','02195fe8-3498-469c-be33-c049732f0727',1,NULL,1,'2025-04-19 05:31:44',NULL,NULL,NULL,40000,'2025-04-19 12:31:44'),('78e2b60f-1403-4727-ae54-4035a5edd7b1','HD519f8a17','01db00ef-5145-4cfa-b736-4255bef939df',1,NULL,1,'2025-04-10 06:40:09','2025-04-11 19:43:29',NULL,NULL,200000,'2025-04-12 02:43:29'),('7ad68a16-40a1-403b-b404-d7b78d812b27','HDf51574d6','01db00ef-5145-4cfa-b736-4255bef939df',10,NULL,1,'2025-04-11 08:33:29','2025-04-11 08:54:04',NULL,NULL,200000,'2025-04-11 15:33:29'),('7c4a5b12-2d7a-42da-8750-daf7529642f2','HD1400166c','008bc41c-d7ee-4f1a-97f0-987d102b15ad',1,NULL,1,'2025-04-04 12:56:21','2025-04-13 03:16:46',NULL,NULL,220000,'2025-04-13 10:16:46'),('83ab4c26-edad-40c4-9782-2e1ebab2d1f5','HD894923d8','008bc41c-d7ee-4f1a-97f0-987d102b15ad',1,NULL,1,'2025-04-01 19:09:19','2025-04-03 17:15:41',NULL,NULL,190000,'2025-04-04 00:15:41'),('84bd88e7-307b-46fe-925d-011ec5c81c8f','5fcbb4ba','02195fe8-3498-469c-be33-c049732f0727',1,NULL,1,'2025-04-19 06:51:50',NULL,NULL,NULL,40000,'2025-04-19 13:51:50'),('8a599b2d-d066-4a46-9995-7d5d00d0ed29','HDa96829a3','008bc41c-d7ee-4f1a-97f0-987d102b15ad',1,NULL,1,'2025-04-06 09:54:02','2025-04-13 03:15:25',NULL,NULL,220000,'2025-04-13 10:15:25'),('8aba6ea3-9898-4d89-907d-fb36b249f599','4a919226','01db00ef-5145-4cfa-b736-4255bef939df',1,NULL,1,'2025-04-17 03:54:58',NULL,NULL,NULL,200000,'2025-04-17 10:54:58'),('8d67ea58-1ad5-49b8-8a2c-7a496735e60b','d2f68dfc','02195fe8-3498-469c-be33-c049732f0727',1,NULL,1,'2025-04-17 16:26:24','2025-04-19 06:58:13',NULL,NULL,40000,'2025-04-19 13:58:13'),('8ec84fc5-1c7a-4957-a411-47638b7e0210','HDd818c613','01db00ef-5145-4cfa-b736-4255bef939df',1,NULL,1,'2025-04-08 13:11:19','2025-04-08 13:11:50',NULL,NULL,200000,'2025-04-08 20:11:50'),('90e904ae-c240-4518-aa3b-aa59b6549f08','502c6a0e','12a77fc0-f2dd-4fb5-8fa6-4debddb62249',1,NULL,1,'2025-04-19 19:36:46',NULL,NULL,NULL,200000,'2025-04-20 02:36:46'),('9121d0d0-34b5-4ad0-9395-6c1798f8e8bc','HD95aaeb8b','008bc41c-d7ee-4f1a-97f0-987d102b15ad',1,NULL,1,'2025-04-01 17:51:04','2025-04-01 17:51:04',NULL,NULL,190000,'2025-04-02 00:51:04'),('95b27252-cf9a-4995-b9f6-0615947dee3f','546485e8','3be0daee-846d-473b-9fee-2e7a29e91552',1,NULL,1,'2025-04-19 11:34:11',NULL,NULL,NULL,250000,'2025-04-19 18:34:11'),('9743c9cf-8242-44ca-9b5b-d236ae2d1ef5','HDc86bfeb2','008bc41c-d7ee-4f1a-97f0-987d102b15ad',3,NULL,1,'2025-04-08 13:52:42','2025-04-08 14:14:15',NULL,NULL,220000,'2025-04-08 20:52:44'),('9a3d2786-7ff6-48ce-86d6-294b43e36f8e','HD9c62d1df','12a77fc0-f2dd-4fb5-8fa6-4debddb62249',1,NULL,1,'2025-04-04 07:40:55',NULL,NULL,NULL,200000,'2025-04-04 14:40:55'),('9c283bd8-8983-492b-af22-085589a2644c','0e554803-3a96-4855-9639-2056eba1a2f9','de8d5e91-6896-40fd-bdd3-fb6a3e8e8ff5',1,NULL,1,'2025-03-30 12:45:33','2025-04-01 18:53:08',NULL,NULL,10000000,'2025-04-02 01:53:08'),('a20a976d-d4ea-445d-85a2-91fd04a11bb3','a020f0ec-7b31-45ae-99d4-1fb87796590b','spct001',3,NULL,1,'2025-04-06 08:01:37','2025-04-06 08:02:43',NULL,NULL,500000,'2025-04-06 15:02:43'),('a257d079-4d8d-4d5a-b463-72704e6286db','187d4b9c-ff27-4622-802e-2bc7738c8706','85a4aefa-83a4-470f-bd2c-fa0545b0adac',1,NULL,1,'2025-03-30 13:00:09','2025-04-08 10:07:23',NULL,NULL,323232,'2025-04-08 17:07:23'),('a71b19d2-3dee-45d7-b083-f366ee0b42f8','7dd3be64','14e83f96-ee63-4ca6-bd1a-648de9991c47',1,NULL,1,'2025-04-19 18:35:59',NULL,NULL,NULL,200000,'2025-04-20 01:35:59'),('abc8431a-993f-48b9-ba7c-bedb123f6f5a','4eb43f58','02195fe8-3498-469c-be33-c049732f0727',1,NULL,1,'2025-04-19 16:56:39',NULL,NULL,NULL,40000,'2025-04-19 23:56:39'),('abfca1cc-aa61-46b6-b55c-756ca3e42d6a','677ddbfc-4547-4fcc-a808-096ba1fa5af8','01db00ef-5145-4cfa-b736-4255bef939df',1,NULL,1,'2025-04-16 14:42:03',NULL,NULL,NULL,200000,'2025-04-16 21:42:03'),('ac04e8c0-6d36-4c25-980e-8a9096f599e4','HDd818c613','008bc41c-d7ee-4f1a-97f0-987d102b15ad',1,NULL,1,'2025-04-08 13:11:18','2025-04-08 13:11:51',NULL,NULL,220000,'2025-04-08 20:11:51'),('b0864bc8-5390-447b-9a92-793d7cbedea9','HD9f08dcfc','008bc41c-d7ee-4f1a-97f0-987d102b15ad',1,NULL,1,'2025-04-11 09:03:39','2025-04-11 09:03:42',NULL,NULL,220000,'2025-04-11 16:03:42'),('b0a54218-c4ef-4452-8231-e5d497004055','546485e8','2426993d-01a0-4bdc-9ff5-4995b4f361ea',1,NULL,1,'2025-04-19 11:34:11',NULL,NULL,NULL,2002000,'2025-04-19 18:34:11'),('b0afe5dc-d826-4be3-8ff5-75b6a1ec2088','HD0a4523df','01db00ef-5145-4cfa-b736-4255bef939df',1,NULL,1,'2025-04-03 17:54:15',NULL,NULL,NULL,220000,'2025-04-04 00:54:15'),('b328038b-156c-4116-864e-d3955a1e7aeb','52db00c8','02195fe8-3498-469c-be33-c049732f0727',1,NULL,1,'2025-04-17 15:52:37',NULL,NULL,NULL,40000,'2025-04-17 22:52:37'),('b36591ff-624e-43fa-832d-7614e5a91cd8','HDdaffa8f9','01db00ef-5145-4cfa-b736-4255bef939df',1,NULL,1,'2025-04-03 20:30:24',NULL,NULL,NULL,220000,'2025-04-04 03:30:24'),('b82d0669-9990-4879-8506-2a630016a725','HDa96829a3','01db00ef-5145-4cfa-b736-4255bef939df',2,NULL,1,'2025-04-06 09:53:57','2025-04-13 03:15:38',NULL,NULL,200000,'2025-04-13 10:15:38'),('bc8a025f-e8c1-4b48-b419-301f9dbddc92','187d4b9c-ff27-4622-802e-2bc7738c8706','6d33cd1f-1498-4d8b-a45f-bada5c19452a',1,NULL,1,'2025-03-30 13:00:09','2025-03-30 13:10:10',NULL,NULL,200000,'2025-03-30 20:10:10'),('bd479bb9-d6a2-45ca-829e-9c7497dbf3db','64ce7ebf-3149-462e-b199-f8ea168ed615','01db00ef-5145-4cfa-b736-4255bef939df',1,NULL,1,'2025-04-16 15:35:18',NULL,NULL,NULL,200000,'2025-04-16 22:35:18'),('bed03959-6c31-4dda-bd9e-3687d69b9cb5','HDa96829a3','12a77fc0-f2dd-4fb5-8fa6-4debddb62249',1,NULL,1,'2025-04-06 09:54:02','2025-04-13 03:15:39',NULL,NULL,200000,'2025-04-13 10:15:39'),('c2785b67-0bcf-4a30-9b6e-2a59599ed980','546485e8','197d0db4-9d0e-4708-9610-4d21726cdf05',3,NULL,1,'2025-04-19 11:34:11',NULL,NULL,NULL,200000,'2025-04-19 18:34:11'),('cd28ea9c-0d19-42e1-b700-11a591b0c2cb','39cc6594','01db00ef-5145-4cfa-b736-4255bef939df',1,NULL,1,'2025-04-17 03:29:53',NULL,NULL,NULL,200000,'2025-04-17 10:29:53'),('cf9f8419-a668-4f8a-9477-bbeaf62230d1','546485e8','01db00ef-5145-4cfa-b736-4255bef939df',1,NULL,1,'2025-04-19 11:31:00',NULL,NULL,NULL,200000,'2025-04-19 18:31:00'),('d7952af4-4e49-4d3a-a192-64d39138c41e','546485e8','14e83f96-ee63-4ca6-bd1a-648de9991c47',1,NULL,1,'2025-04-19 11:34:10',NULL,NULL,NULL,200000,'2025-04-19 18:34:10'),('d95a0d8f-3463-47cc-98e4-713388326768','64ce7ebf-3149-462e-b199-f8ea168ed615','12a77fc0-f2dd-4fb5-8fa6-4debddb62249',1,NULL,1,'2025-04-16 15:35:18',NULL,NULL,NULL,200000,'2025-04-16 22:35:18'),('dace368f-1b1b-490c-b993-040db2987c75','HD3f7f95a5','008bc41c-d7ee-4f1a-97f0-987d102b15ad',3,NULL,1,'2025-04-11 19:46:55','2025-04-11 19:48:41',NULL,NULL,220000,'2025-04-12 02:47:16'),('dcd7817c-7207-4eb5-8a14-0f127b5d82de','HD519f8a17','02195fe8-3498-469c-be33-c049732f0727',1,NULL,1,'2025-04-10 06:40:16','2025-04-11 19:43:56',NULL,NULL,40000,'2025-04-12 02:43:56'),('dd400f50-397f-4dcb-935d-743cd68b5ab0','HDf2b92245','02195fe8-3498-469c-be33-c049732f0727',1,NULL,1,'2025-04-04 07:57:09',NULL,NULL,NULL,2000,'2025-04-04 14:57:09'),('e09d2b25-2e77-470e-8eb2-1f62ff9e7412','HD95aaeb8b','12a77fc0-f2dd-4fb5-8fa6-4debddb62249',1,NULL,1,'2025-04-01 17:51:04','2025-04-01 17:51:15',NULL,NULL,200000,'2025-04-02 00:51:15'),('e26c5490-1e71-4f71-83ae-e1fe98591027','HD2bca696f','008bc41c-d7ee-4f1a-97f0-987d102b15ad',1,NULL,1,'2025-04-04 07:58:19',NULL,NULL,NULL,190000,'2025-04-04 14:58:19'),('e34bb962-8ed4-4d5d-9a9b-01ae6b573978','HDc1e8ad2e','01db00ef-5145-4cfa-b736-4255bef939df',1,NULL,1,'2025-04-11 10:41:48','2025-04-11 10:41:52',NULL,NULL,200000,'2025-04-11 17:41:52'),('e6936f10-df85-49fe-b742-d92164304ffd','7dd3be64','197d0db4-9d0e-4708-9610-4d21726cdf05',1,NULL,1,'2025-04-19 18:35:59',NULL,NULL,NULL,200000,'2025-04-20 01:35:59'),('e7240247-d662-4680-ba4a-89519d4e9288','HDdaffa8f9','02195fe8-3498-469c-be33-c049732f0727',2,NULL,1,'2025-04-03 19:54:51','2025-04-03 20:30:24',NULL,NULL,2000,'2025-04-04 02:54:51'),('ed628cac-7e8b-45bb-9941-f882e955875c','7dd3be64','2426993d-01a0-4bdc-9ff5-4995b4f361ea',1,NULL,1,'2025-04-19 18:35:59',NULL,NULL,NULL,2002000,'2025-04-20 01:35:59'),('f1ba83ea-0964-4141-aff7-4c700046758e','502c6a0e','01db00ef-5145-4cfa-b736-4255bef939df',1,NULL,1,'2025-04-19 19:36:46',NULL,NULL,NULL,200000,'2025-04-20 02:36:46'),('f83e6198-4880-422b-8cdf-ac32efb049b3','ab0849aa','02195fe8-3498-469c-be33-c049732f0727',1,NULL,1,'2025-04-19 08:55:32',NULL,NULL,NULL,40000,'2025-04-19 15:55:32'),('fb2179d1-6ed5-4c00-89a3-a104e3da6455','2294890a','02195fe8-3498-469c-be33-c049732f0727',2,NULL,1,'2025-04-17 03:31:32','2025-04-17 03:45:27',NULL,NULL,40000,'2025-04-17 10:31:32'),('fbcdb307-8125-40e4-9e11-d374052663b7','HD01606d03','008bc41c-d7ee-4f1a-97f0-987d102b15ad',1,NULL,1,'2025-04-11 19:55:33','2025-04-11 19:56:29',NULL,NULL,220000,'2025-04-12 02:55:33');
/*!40000 ALTER TABLE `hoa_don_chi_tiet` ENABLE KEYS */;
UNLOCK TABLES;

--
-- Table structure for table `hoa_tiet`
--

DROP TABLE IF EXISTS `hoa_tiet`;
/*!40101 SET @saved_cs_client     = @@character_set_client */;
/*!50503 SET character_set_client = utf8mb4 */;
CREATE TABLE `hoa_tiet` (
  `id` varchar(255) NOT NULL,
  `ma_hoa_tiet` varchar(50) DEFAULT NULL,
  `ten_hoa_tiet` varchar(255) DEFAULT NULL,
  `mo_ta` varchar(255) DEFAULT NULL,
  `trang_thai` bit(1) DEFAULT NULL,
  `ngay_tao` timestamp NULL DEFAULT CURRENT_TIMESTAMP,
  PRIMARY KEY (`id`),
  UNIQUE KEY `ma_hoa_tiet` (`ma_hoa_tiet`)
) ENGINE=InnoDB DEFAULT CHARSET=utf8mb4 COLLATE=utf8mb4_0900_ai_ci;
/*!40101 SET character_set_client = @saved_cs_client */;

--
-- Dumping data for table `hoa_tiet`
--

LOCK TABLES `hoa_tiet` WRITE;
/*!40000 ALTER TABLE `hoa_tiet` DISABLE KEYS */;
INSERT INTO `hoa_tiet` VALUES ('fa9ec930-859c-4739-a1ae-e6feda1f5fdd','HT1740306527632','kẻ sọc','ok',_binary '','2025-02-23 10:28:48'),('ht01','ht1','hoa hòe','Mô tả cho hoa hòe',_binary '','2025-02-18 19:44:21');
/*!40000 ALTER TABLE `hoa_tiet` ENABLE KEYS */;
UNLOCK TABLES;

--
-- Table structure for table `invalidate_token`
--

DROP TABLE IF EXISTS `invalidate_token`;
/*!40101 SET @saved_cs_client     = @@character_set_client */;
/*!50503 SET character_set_client = utf8mb4 */;
CREATE TABLE `invalidate_token` (
  `id` varchar(255) CHARACTER SET utf8mb3 COLLATE utf8mb3_general_ci DEFAULT NULL,
  `expiry_time` date DEFAULT NULL
) ENGINE=InnoDB DEFAULT CHARSET=utf8mb4 COLLATE=utf8mb4_0900_ai_ci;
/*!40101 SET character_set_client = @saved_cs_client */;

--
-- Dumping data for table `invalidate_token`
--

LOCK TABLES `invalidate_token` WRITE;
/*!40000 ALTER TABLE `invalidate_token` DISABLE KEYS */;
INSERT INTO `invalidate_token` VALUES ('1471bf87-dc85-4b33-8d91-59ee745ada53','2025-03-18'),('8c2f5419-de80-417d-8d6b-9fc74a0bdbec','2025-03-18'),('22158131-2c2b-446e-b3fd-2d21f7cf83d3','2025-03-19'),('e269c0e8-35a2-4888-a12e-e2316152f253','2025-03-19'),('a86741c3-e3f6-4410-8d58-4dcac9bb0048','2025-03-19'),('58d65d25-92fd-40c0-bb80-115690925c95','2025-03-19'),('7e4481f8-61ba-4dd8-9dd0-2484fe27b8bb','2025-03-19'),('6a20e51a-1b77-4f6f-b04b-f334a9b0a3a7','2025-03-19'),('486dfdff-f3ee-4266-a581-157c4e478d22','2025-03-19'),('5bcb7b88-a3d3-4f67-849e-d35565036191','2025-03-19'),('b553a512-5eac-46df-8693-05e107d310ea','2025-03-19'),('41692e28-b3f2-4ed6-b3ef-3ef597470174','2025-03-19'),('d8324f8d-8676-4d6d-b2f6-abe84c8858e1','2025-03-20'),('089ec7a6-f577-4114-9ce8-6d045e991077','2025-03-21'),('2e067d51-3109-488b-b8cb-e137a5f08c8f','2025-03-21'),('04dd9bcc-d335-4136-8925-723dd71e86aa','2025-03-21'),('8804a5a2-919d-4f30-88c3-77f38b83e1d9','2025-03-21'),('2252cfcc-9a5e-4979-bb5a-20912175b732','2025-03-21'),('b54bd0e2-3fbf-420b-ad8f-98a5b310b49f','2025-03-21'),('d808a5d5-38ee-4111-81f0-739bd1bb8dfb','2025-03-21'),('148d5fea-7ea4-4133-9b20-dce31ede54df','2025-03-22'),('22c08859-1f66-4ca3-ad08-387bff9b31bd','2025-03-22'),('86257cb4-168b-44d5-9de7-e5aa4457836e','2025-03-22'),('4e1e5023-4b26-458d-aee7-203a0b420282','2025-03-23'),('54d93a3c-f918-4630-86c6-d003002fe35c','2025-03-23'),('0274dddc-62d1-4745-89ed-12d4339bb8fa','2025-03-23'),('38f38aef-1eb2-41d9-b6e3-9477eebb4926','2025-03-23'),('32a906c5-cde7-4599-b6d8-fa2259d75ef9','2025-03-25'),('21a336ba-465b-4eb9-8517-1428542ccfd4','2025-03-25'),('b360b39d-72b1-4344-88d5-14862728449b','2025-03-26'),('bd3fa05d-cb98-4257-9276-f67634b7eed1','2025-03-28'),('552ab693-d01b-482e-b223-46d9d6ebc633','2025-03-30'),('d1afba78-e523-40c9-b09b-90751fe33cea','2025-04-02'),('f9efd4ee-d040-4a5a-b1b1-e25679f97d1f','2025-04-04'),('ce85d0f0-4465-4f8a-82b9-2cec4c780ed7','2025-04-06'),('e17552f4-bf88-467b-8039-8940a55a53c7','2025-04-06'),('ff5e97a7-da12-4661-9e0c-fecfc0a298c7','2025-04-06'),('2d2d9539-bda9-408e-b700-7572d966dd69','2025-04-07'),('bb9e388a-6b37-4b5d-8062-1a7882fd1735','2025-04-08'),('d905ca12-0726-430f-8aa4-49e5b00893fa','2025-04-08'),('1695105b-71db-4196-8b36-861772083398','2025-04-09'),('faf3455d-dd3e-4f14-b9f9-34d5a9231006','2025-04-13'),('b8de06cf-8755-40d1-a1b1-dbb2925cadbd','2025-04-16'),('f3bce275-f324-462a-b2cc-49c8a0c7f7d9','2025-04-16'),('b36840d2-4cb3-4608-8158-4c8d84409cf9','2025-04-17'),('4291fec7-db68-428b-b8ec-259e3750e7bf','2025-04-17'),('a69aa94a-bc47-4124-9868-b89d5baa501c','2025-04-17'),('2519fe1b-bb24-4569-8fc9-57f7b9ec3688','2025-04-18'),('82e3158f-9728-4663-9bb7-90a3599c9309','2025-04-18'),('d7f0ec18-ab26-48fa-8aaa-d359c0043a7e','2025-04-19'),('c563996a-75dd-48c3-8b7a-a5eaa87bded7','2025-04-19'),('616a55f0-4530-4c0f-8249-0afc48e16af1','2025-04-19'),('5cd7b7a2-53bc-4f9b-8b18-2bacad73dec5','2025-04-20');
/*!40000 ALTER TABLE `invalidate_token` ENABLE KEYS */;
UNLOCK TABLES;

--
-- Table structure for table `khach_hang`
--

DROP TABLE IF EXISTS `khach_hang`;
/*!40101 SET @saved_cs_client     = @@character_set_client */;
/*!50503 SET character_set_client = utf8mb4 */;
CREATE TABLE `khach_hang` (
  `id` varchar(255) NOT NULL,
  `ma_khach_hang` varchar(50) DEFAULT NULL,
  `ten_khach_hang` varchar(255) DEFAULT NULL,
  `ngay_sinh` date DEFAULT NULL,
  `mo_ta` varchar(255) DEFAULT NULL,
  `trang_thai` bit(1) DEFAULT NULL,
  `gioi_tinh` bit(1) DEFAULT NULL,
  `so_dien_thoai` varchar(10) DEFAULT NULL,
  `email` varchar(255) DEFAULT NULL,
  `ngay_tao` timestamp NULL DEFAULT CURRENT_TIMESTAMP,
  `ngay_sua` timestamp NULL DEFAULT NULL,
  `nguoi_tao` varchar(255) CHARACTER SET utf8mb3 COLLATE utf8mb3_general_ci DEFAULT NULL,
  `nguoi_sua` varchar(255) CHARACTER SET utf8mb3 COLLATE utf8mb3_general_ci DEFAULT NULL,
  `id_tai_khoan` varchar(255) DEFAULT NULL,
  PRIMARY KEY (`id`),
  KEY `fk_id_tai_khoan_khach_hang` (`id_tai_khoan`),
  CONSTRAINT `fk_id_tai_khoan_khach_hang` FOREIGN KEY (`id_tai_khoan`) REFERENCES `tai_khoan` (`id`) ON DELETE CASCADE ON UPDATE CASCADE
) ENGINE=InnoDB DEFAULT CHARSET=utf8mb4 COLLATE=utf8mb4_0900_ai_ci;
/*!40101 SET character_set_client = @saved_cs_client */;

--
-- Dumping data for table `khach_hang`
--

LOCK TABLES `khach_hang` WRITE;
/*!40000 ALTER TABLE `khach_hang` DISABLE KEYS */;
INSERT INTO `khach_hang` VALUES ('0864ccbc-149f-4386-b20c-813e266cfa82','khanhnd1404','Nguyễn Duy Khánh','2025-04-14',NULL,_binary '',_binary '','0326598741','namnv@gmail.com','2025-04-19 17:14:08',NULL,NULL,NULL,NULL),('2bbadce7-0443-4356-9353-e59343bcd591','hanht0104','Hoàng Thị Hân','1973-04-01',NULL,_binary '',_binary '\0','0972085245','hoangthihan1973@gmail.com','2025-04-19 18:28:56',NULL,NULL,NULL,NULL),('3628ce38-19e3-4311-a9f8-9389b52e5ad9','huynq2010','Nguyễn Quang Huy','2004-10-20',NULL,_binary '',_binary '','0368262198','huyhiz124@gmail.com','2025-04-18 15:09:45',NULL,NULL,NULL,NULL),('e3c29692-ab9f-491b-a81c-1691bf0073ef','duongnt1705','Nguyễn Thùy Dương','2004-05-17',NULL,_binary '',_binary '\0','0326598741','duongthuyssssss@gmail.com','2025-04-19 17:12:17',NULL,NULL,NULL,NULL),('e6362423-e2f4-4446-9801-8d1146bd775b','thinhnt0707','Nông Tiến Thịnh','2004-07-07',NULL,_binary '',_binary '','0944398524','khanh@gmail.com','2025-04-19 18:26:58',NULL,NULL,NULL,NULL);
/*!40000 ALTER TABLE `khach_hang` ENABLE KEYS */;
UNLOCK TABLES;

--
-- Table structure for table `kich_thuoc`
--

DROP TABLE IF EXISTS `kich_thuoc`;
/*!40101 SET @saved_cs_client     = @@character_set_client */;
/*!50503 SET character_set_client = utf8mb4 */;
CREATE TABLE `kich_thuoc` (
  `id` varchar(255) NOT NULL,
  `ma_kich_thuoc` varchar(50) DEFAULT NULL,
  `ten_kich_thuoc` varchar(255) DEFAULT NULL,
  `mo_ta` varchar(255) DEFAULT NULL,
  `trang_thai` bit(1) DEFAULT NULL,
  `ngay_tao` timestamp NULL DEFAULT CURRENT_TIMESTAMP,
  PRIMARY KEY (`id`),
  UNIQUE KEY `ma_kich_thuoc` (`ma_kich_thuoc`)
) ENGINE=InnoDB DEFAULT CHARSET=utf8mb4 COLLATE=utf8mb4_0900_ai_ci;
/*!40101 SET character_set_client = @saved_cs_client */;

--
-- Dumping data for table `kich_thuoc`
--

LOCK TABLES `kich_thuoc` WRITE;
/*!40000 ALTER TABLE `kich_thuoc` DISABLE KEYS */;
INSERT INTO `kich_thuoc` VALUES ('9c2aecc2-1ef4-47f7-8de4-461be6a57661','KT1739519142819','L','ok',_binary '','2025-02-18 17:11:45'),('a75166f5-6bbd-463c-a605-d5407363307f','KT1739519170787','XXL','ok',_binary '','2025-02-18 17:11:45'),('c79efdc3-a52a-434e-b342-8aa0824bae1b','KT1739519150585','S','ok',_binary '','2025-02-18 17:11:45'),('eb6dcc6c-671c-4c0d-8063-d83008554350','KT1739519162724','XL','ok',_binary '','2025-02-18 17:11:45');
/*!40000 ALTER TABLE `kich_thuoc` ENABLE KEYS */;
UNLOCK TABLES;

--
-- Table structure for table `kieu_co_ao`
--

DROP TABLE IF EXISTS `kieu_co_ao`;
/*!40101 SET @saved_cs_client     = @@character_set_client */;
/*!50503 SET character_set_client = utf8mb4 */;
CREATE TABLE `kieu_co_ao` (
  `id` varchar(255) NOT NULL,
  `ma_kieu_co_ao` varchar(50) DEFAULT NULL,
  `ten_kieu_co_ao` varchar(255) DEFAULT NULL,
  `mo_ta` varchar(255) DEFAULT NULL,
  `trang_thai` bit(1) DEFAULT NULL,
  `ngay_tao` timestamp NULL DEFAULT CURRENT_TIMESTAMP,
  PRIMARY KEY (`id`),
  UNIQUE KEY `ma_kieu_co_ao` (`ma_kieu_co_ao`)
) ENGINE=InnoDB DEFAULT CHARSET=utf8mb4 COLLATE=utf8mb4_0900_ai_ci;
/*!40101 SET character_set_client = @saved_cs_client */;

--
-- Dumping data for table `kieu_co_ao`
--

LOCK TABLES `kieu_co_ao` WRITE;
/*!40000 ALTER TABLE `kieu_co_ao` DISABLE KEYS */;
INSERT INTO `kieu_co_ao` VALUES ('c1578e35-2b86-47a8-bf68-06dedda3c59f','KCA1739518890683','cổ tròn','321',_binary '','2025-02-18 17:11:45');
/*!40000 ALTER TABLE `kieu_co_ao` ENABLE KEYS */;
UNLOCK TABLES;

--
-- Table structure for table `kieu_co_tay_ao`
--

DROP TABLE IF EXISTS `kieu_co_tay_ao`;
/*!40101 SET @saved_cs_client     = @@character_set_client */;
/*!50503 SET character_set_client = utf8mb4 */;
CREATE TABLE `kieu_co_tay_ao` (
  `id` varchar(255) NOT NULL,
  `ma_kieu_co_tay_ao` varchar(50) DEFAULT NULL,
  `ten_kieu_co_tay_ao` varchar(255) DEFAULT NULL,
  `mo_ta` varchar(255) DEFAULT NULL,
  `trang_thai` bit(1) DEFAULT NULL,
  `ngay_tao` timestamp NULL DEFAULT CURRENT_TIMESTAMP,
  PRIMARY KEY (`id`),
  UNIQUE KEY `ma_kieu_co_tay_ao` (`ma_kieu_co_tay_ao`)
) ENGINE=InnoDB DEFAULT CHARSET=utf8mb4 COLLATE=utf8mb4_0900_ai_ci;
/*!40101 SET character_set_client = @saved_cs_client */;

--
-- Dumping data for table `kieu_co_tay_ao`
--

LOCK TABLES `kieu_co_tay_ao` WRITE;
/*!40000 ALTER TABLE `kieu_co_tay_ao` DISABLE KEYS */;
INSERT INTO `kieu_co_tay_ao` VALUES ('d392abbb-54ad-4003-8583-255caa8eed1d','CTA1739518916279','cổ tay tròn','3213',_binary '','2025-02-18 17:11:45');
/*!40000 ALTER TABLE `kieu_co_tay_ao` ENABLE KEYS */;
UNLOCK TABLES;

--
-- Table structure for table `kieu_cuc`
--

DROP TABLE IF EXISTS `kieu_cuc`;
/*!40101 SET @saved_cs_client     = @@character_set_client */;
/*!50503 SET character_set_client = utf8mb4 */;
CREATE TABLE `kieu_cuc` (
  `id` varchar(255) NOT NULL,
  `ma_kieu_cuc` varchar(50) DEFAULT NULL,
  `ten_kieu_cuc` varchar(255) DEFAULT NULL,
  `mo_ta` varchar(255) DEFAULT NULL,
  `trang_thai` bit(1) DEFAULT NULL,
  `ngay_tao` timestamp NULL DEFAULT CURRENT_TIMESTAMP,
  PRIMARY KEY (`id`),
  UNIQUE KEY `ma_kieu_cuc` (`ma_kieu_cuc`)
) ENGINE=InnoDB DEFAULT CHARSET=utf8mb4 COLLATE=utf8mb4_0900_ai_ci;
/*!40101 SET character_set_client = @saved_cs_client */;

--
-- Dumping data for table `kieu_cuc`
--

LOCK TABLES `kieu_cuc` WRITE;
/*!40000 ALTER TABLE `kieu_cuc` DISABLE KEYS */;
INSERT INTO `kieu_cuc` VALUES ('24034b35-b8aa-4882-843a-cb720f608522','KC1739518939102','Cúc kim loại',NULL,_binary '','2025-02-18 17:11:45');
/*!40000 ALTER TABLE `kieu_cuc` ENABLE KEYS */;
UNLOCK TABLES;

--
-- Table structure for table `kieu_dang`
--

DROP TABLE IF EXISTS `kieu_dang`;
/*!40101 SET @saved_cs_client     = @@character_set_client */;
/*!50503 SET character_set_client = utf8mb4 */;
CREATE TABLE `kieu_dang` (
  `id` varchar(255) NOT NULL,
  `ma_kieu_dang` varchar(50) DEFAULT NULL,
  `ten_kieu_dang` varchar(255) DEFAULT NULL,
  `mo_ta` varchar(255) DEFAULT NULL,
  `trang_thai` bit(1) DEFAULT NULL,
  `ngay_tao` timestamp NULL DEFAULT CURRENT_TIMESTAMP,
  PRIMARY KEY (`id`),
  UNIQUE KEY `ma_kieu_dang` (`ma_kieu_dang`)
) ENGINE=InnoDB DEFAULT CHARSET=utf8mb4 COLLATE=utf8mb4_0900_ai_ci;
/*!40101 SET character_set_client = @saved_cs_client */;

--
-- Dumping data for table `kieu_dang`
--

LOCK TABLES `kieu_dang` WRITE;
/*!40000 ALTER TABLE `kieu_dang` DISABLE KEYS */;
INSERT INTO `kieu_dang` VALUES ('f3685534-8606-491d-868e-30f3a40cd481','KD1739518955289','Dáng ôm','sds',_binary '','2025-02-18 17:11:45');
/*!40000 ALTER TABLE `kieu_dang` ENABLE KEYS */;
UNLOCK TABLES;

--
-- Table structure for table `kieu_tay_ao`
--

DROP TABLE IF EXISTS `kieu_tay_ao`;
/*!40101 SET @saved_cs_client     = @@character_set_client */;
/*!50503 SET character_set_client = utf8mb4 */;
CREATE TABLE `kieu_tay_ao` (
  `id` varchar(255) NOT NULL,
  `ma_kieu_tay_ao` varchar(50) DEFAULT NULL,
  `ten_kieu_tay_ao` varchar(255) DEFAULT NULL,
  `mo_ta` varchar(255) DEFAULT NULL,
  `trang_thai` bit(1) DEFAULT NULL,
  `ngay_tao` timestamp NULL DEFAULT CURRENT_TIMESTAMP,
  PRIMARY KEY (`id`),
  UNIQUE KEY `ma_kieu_tay_ao` (`ma_kieu_tay_ao`)
) ENGINE=InnoDB DEFAULT CHARSET=utf8mb4 COLLATE=utf8mb4_0900_ai_ci;
/*!40101 SET character_set_client = @saved_cs_client */;

--
-- Dumping data for table `kieu_tay_ao`
--

LOCK TABLES `kieu_tay_ao` WRITE;
/*!40000 ALTER TABLE `kieu_tay_ao` DISABLE KEYS */;
INSERT INTO `kieu_tay_ao` VALUES ('213123','KTA123123213213','Kiểu pháp','ok',_binary '','2025-02-18 17:11:45');
/*!40000 ALTER TABLE `kieu_tay_ao` ENABLE KEYS */;
UNLOCK TABLES;

--
-- Table structure for table `kieu_tui_ao`
--

DROP TABLE IF EXISTS `kieu_tui_ao`;
/*!40101 SET @saved_cs_client     = @@character_set_client */;
/*!50503 SET character_set_client = utf8mb4 */;
CREATE TABLE `kieu_tui_ao` (
  `id` varchar(255) NOT NULL,
  `ma_kieu_tui_ao` varchar(50) DEFAULT NULL,
  `ten_kieu_tui_ao` varchar(255) DEFAULT NULL,
  `mo_ta` varchar(255) DEFAULT NULL,
  `trang_thai` bit(1) DEFAULT NULL,
  `ngay_tao` timestamp NULL DEFAULT CURRENT_TIMESTAMP,
  PRIMARY KEY (`id`),
  UNIQUE KEY `ma_kieu_tui_ao` (`ma_kieu_tui_ao`)
) ENGINE=InnoDB DEFAULT CHARSET=utf8mb4 COLLATE=utf8mb4_0900_ai_ci;
/*!40101 SET character_set_client = @saved_cs_client */;

--
-- Dumping data for table `kieu_tui_ao`
--

LOCK TABLES `kieu_tui_ao` WRITE;
/*!40000 ALTER TABLE `kieu_tui_ao` DISABLE KEYS */;
INSERT INTO `kieu_tui_ao` VALUES ('2bf211bd-c9dd-45f8-97a5-39461da40dda','KTA1739519213101','Túi bên trái','ok',_binary '','2025-02-18 17:11:45');
/*!40000 ALTER TABLE `kieu_tui_ao` ENABLE KEYS */;
UNLOCK TABLES;

--
-- Table structure for table `lich_su_hoa_don`
--

DROP TABLE IF EXISTS `lich_su_hoa_don`;
/*!40101 SET @saved_cs_client     = @@character_set_client */;
/*!50503 SET character_set_client = utf8mb4 */;
CREATE TABLE `lich_su_hoa_don` (
  `id` varchar(255) NOT NULL,
  `id_hoa_don` varchar(255) DEFAULT NULL,
  `id_khach_hang` varchar(255) DEFAULT NULL,
  `id_nhan_vien` varchar(255) DEFAULT NULL,
  `hanh_dong` varchar(255) CHARACTER SET utf8mb3 COLLATE utf8mb3_general_ci DEFAULT NULL,
  `mo_ta` varchar(255) CHARACTER SET utf8mb3 COLLATE utf8mb3_general_ci DEFAULT NULL,
  `trang_thai` int DEFAULT NULL,
  `ngay_tao` timestamp NULL DEFAULT CURRENT_TIMESTAMP,
  `ngay_sua` timestamp NULL DEFAULT NULL,
  PRIMARY KEY (`id`),
  KEY `id_hoa_don` (`id_hoa_don`),
  KEY `id_khach_hang` (`id_khach_hang`),
  KEY `id_nhan_vien` (`id_nhan_vien`),
  CONSTRAINT `lich_su_hoa_don_ibfk_1` FOREIGN KEY (`id_hoa_don`) REFERENCES `hoa_don` (`id`) ON DELETE CASCADE ON UPDATE CASCADE,
  CONSTRAINT `lich_su_hoa_don_ibfk_2` FOREIGN KEY (`id_khach_hang`) REFERENCES `khach_hang` (`id`) ON DELETE CASCADE ON UPDATE CASCADE,
  CONSTRAINT `lich_su_hoa_don_ibfk_3` FOREIGN KEY (`id_nhan_vien`) REFERENCES `nhan_vien` (`id`) ON DELETE CASCADE ON UPDATE CASCADE
) ENGINE=InnoDB DEFAULT CHARSET=utf8mb4 COLLATE=utf8mb4_0900_ai_ci;
/*!40101 SET character_set_client = @saved_cs_client */;

--
-- Dumping data for table `lich_su_hoa_don`
--

LOCK TABLES `lich_su_hoa_don` WRITE;
/*!40000 ALTER TABLE `lich_su_hoa_don` DISABLE KEYS */;
INSERT INTO `lich_su_hoa_don` VALUES ('0e2cc819-a95b-413a-a6cb-b17eb3490382','1c38a755-ac77-47d5-afb5-1b4c43aef7eb',NULL,NULL,'Tạo đơn hàng','',1,'2025-04-06 07:46:31',NULL),('32487c21-aee0-4766-a50f-41024b89af2b','e1e995c6-41c1-4e5b-9c11-fd850dec37ab',NULL,NULL,'Tạo đơn hàng','',1,'2025-04-06 07:39:23',NULL),('345686d8-4c48-4aa6-b602-ba02cd4aeef6','a020f0ec-7b31-45ae-99d4-1fb87796590b',NULL,NULL,'Tạo đơn hàng','',1,'2025-04-06 08:01:36',NULL),('54e1730e-a3dc-4be8-8944-8dbd3595e828','a020f0ec-7b31-45ae-99d4-1fb87796590b',NULL,NULL,'Thanh toán đơn hàng','',NULL,'2025-04-06 08:01:36',NULL),('b975e200-6385-4531-a840-5a01b1a52f3a','1c38a755-ac77-47d5-afb5-1b4c43aef7eb',NULL,NULL,'Thanh toán đơn hàng','',NULL,'2025-04-06 07:46:31',NULL),('LS00079260','HD9c62d1df',NULL,'eb6db611-d763-438c-9246-7e6c1823f121','Cập nhật trạng thái hóa đơn','Cập nhật trạng thái: Đã xác nhận',2,'2025-04-04 07:49:20','2025-04-04 07:49:20'),('LS0089447b','ab0849aa',NULL,'eb6db611-d763-438c-9246-7e6c1823f121','Thêm sản phẩm','Thêm sản phẩm Sản phẩm test (Màu: Hồng, Size: L) với số lượng 1, đơn giá 200,000 đ',1,'2025-04-19 08:55:32',NULL),('LS00db1528','HD2e448207',NULL,'eb6db611-d763-438c-9246-7e6c1823f121','Cập nhật thông tin người nhận','Cập nhật thông tin người nhận: Khách hàng lẻ, SĐT: null',NULL,NULL,'2025-03-29 16:00:35'),('LS0178b210','HD2bca696f',NULL,'eb6db611-d763-438c-9246-7e6c1823f121','Cập nhật trạng thái hóa đơn','Cập nhật trạng thái: Đã xác nhận',2,'2025-04-04 09:37:50','2025-04-04 09:37:50'),('LS019c0ee2','7dd3be64',NULL,'eb6db611-d763-438c-9246-7e6c1823f121','Cập nhật hình thức','Hóa đơn được cập nhật thành \'tại quay\'',1,NULL,'2025-04-19 17:09:23'),('LS01c5c45c','HD2e448207',NULL,'eb6db611-d763-438c-9246-7e6c1823f121','Cập nhật trạng thái hóa đơn','Chuyển sang trạng thái Đã xác nhận',2,'2025-03-28 19:18:04','2025-03-28 19:18:04'),('LS01d8b32e','c9183b91',NULL,'eb6db611-d763-438c-9246-7e6c1823f121','Cập nhật hình thức','Hóa đơn được cập nhật thành \'giao hàng\'',1,NULL,'2025-04-19 05:29:39'),('LS01f20b50','7dd3be64',NULL,'eb6db611-d763-438c-9246-7e6c1823f121','Cập nhật hình thức','Hóa đơn được cập nhật thành \'giao hàng\'',1,NULL,'2025-04-19 17:10:10'),('LS036d071b','HDf51574d6',NULL,'eb6db611-d763-438c-9246-7e6c1823f121','Cập nhật số lượng sản phẩm','Cập nhật số lượng sản phẩm Sản phẩm test (Màu: Hồng, Size: L) từ 10 thành 11',1,'2025-04-11 08:53:30',NULL),('LS04261264','52db00c8',NULL,'eb6db611-d763-438c-9246-7e6c1823f121','Cập nhật trạng thái hóa đơn','Tạo hóa đơn mới',1,'2025-04-17 15:52:28',NULL),('LS047c1d06','HD9c62d1df',NULL,'eb6db611-d763-438c-9246-7e6c1823f121','Thanh toán bổ sung','Thanh toán bổ sung 187.868 ₫',1,'2025-04-04 07:43:18',NULL),('LS05175476','HD2e448207',NULL,'eb6db611-d763-438c-9246-7e6c1823f121','Cập nhật trạng thái hóa đơn','Chuyển sang trạng thái Đang giao',4,'2025-03-28 19:17:44','2025-03-28 19:17:44'),('LS051f1167','HDb0ee41f6',NULL,'eb6db611-d763-438c-9246-7e6c1823f121','Thêm sản phẩm','Thêm sản phẩm Sản phẩm test (Màu: Hồng, Size: L) với số lượng 1, đơn giá 200,000 đ',1,'2025-04-04 15:28:44',NULL),('LS053145e4','HD3f7f95a5',NULL,'eb6db611-d763-438c-9246-7e6c1823f121','Thanh toán phụ phí','Thanh toán phụ phí 880.000 ₫ - Thanh toán khi xác nhận đơn hàng',1,'2025-04-11 19:47:48',NULL),('LS0544ba3c','c9183b91',NULL,'eb6db611-d763-438c-9246-7e6c1823f121','Cập nhật hình thức','Hóa đơn được cập nhật thành \'tại quay\'',1,NULL,'2025-04-18 15:58:11'),('LS05802fe8','HD01606d03',NULL,'eb6db611-d763-438c-9246-7e6c1823f121','Cập nhật số lượng sản phẩm','Cập nhật số lượng sản phẩm Sản phẩm test (Màu: Hồng, Size: XXL) từ 1 thành 2',1,'2025-04-11 19:55:46',NULL),('LS0588e5ca','HD9f08dcfc',NULL,'eb6db611-d763-438c-9246-7e6c1823f121','Thêm sản phẩm','Đã thêm sản phẩm: Sản phẩm test (1)',1,'2025-04-11 09:03:39',NULL),('LS05a2cec1','HDaf109366',NULL,'eb6db611-d763-438c-9246-7e6c1823f121','Cập nhật thông tin người nhận','Cập nhật thông tin người nhận: Khách hàng lẻ, Địa chỉ: Số 1, 22306, 1534, 202, SĐT: ',1,NULL,'2025-04-09 11:49:04'),('LS05a80966','HD519f8a17',NULL,'eb6db611-d763-438c-9246-7e6c1823f121','Cập nhật số lượng sản phẩm','Cập nhật số lượng sản phẩm Sản phẩm test (Màu: Hồng, Size: XXL) từ 2 thành 1',1,'2025-04-10 06:37:35',NULL),('LS05d99739','7dd3be64',NULL,'eb6db611-d763-438c-9246-7e6c1823f121','Cập nhật hình thức','Hóa đơn được cập nhật thành \'giao hàng\'',1,NULL,'2025-04-19 18:29:44'),('LS063a061e','HD1400166c',NULL,'eb6db611-d763-438c-9246-7e6c1823f121','Thêm sản phẩm','Thêm sản phẩm Sản phẩm 1 (Màu: Xanh lá, Size: XXL) với số lượng 1, đơn giá 200,000 đ',1,'2025-04-04 14:23:27',NULL),('LS06a5c5c9','HDaf109366',NULL,'eb6db611-d763-438c-9246-7e6c1823f121','Cập nhật thông tin người nhận','Cập nhật thông tin người nhận: Khách hàng lẻ, Địa chỉ: Số 1, 22306, 1534, 202, SĐT: ',1,NULL,'2025-04-09 11:37:16'),('LS06c0c7ae','HD3f7f95a5',NULL,'eb6db611-d763-438c-9246-7e6c1823f121','Thêm sản phẩm','Đã thêm sản phẩm: Sản phẩm 4 (1)',1,'2025-04-11 19:46:55',NULL),('LS0744c0e6','fd7560da',NULL,'eb6db611-d763-438c-9246-7e6c1823f121','Hủy hóa đơn','Hóa đơn bị hủy: Không có lý do',6,'2025-04-19 16:52:32',NULL),('LS0778f996','HD05f827a7',NULL,'eb6db611-d763-438c-9246-7e6c1823f121','Cập nhật hình thức','Hóa đơn được cập nhật thành \'tại quay\'',1,NULL,'2025-04-08 13:38:12'),('LS0779dd4d','7f11126a',NULL,'eb6db611-d763-438c-9246-7e6c1823f121','Thêm sản phẩm','Thêm sản phẩm Sản phẩm test (Màu: Hồng, Size: L) với số lượng 1, đơn giá 200,000 đ',1,'2025-04-17 03:46:05',NULL),('LS07f5c36f','77cb7dcb',NULL,'eb6db611-d763-438c-9246-7e6c1823f121','Thêm nhiều sản phẩm','Thêm 3 sản phẩm vào đơn hàng',1,'2025-04-19 08:53:04',NULL),('LS080c73a2','HDc1e8ad2e',NULL,'eb6db611-d763-438c-9246-7e6c1823f121','Thanh toán phụ phí','Thanh toán phụ phí 660.000 ₫ - Thanh toán khi xác nhận đơn hàng',1,'2025-04-11 10:42:17',NULL),('LS09037c26','ab0849aa',NULL,'eb6db611-d763-438c-9246-7e6c1823f121','Thêm nhiều sản phẩm','Thêm 2 sản phẩm vào đơn hàng',1,'2025-04-19 08:55:32',NULL),('LS099e0718','HD54d72f45',NULL,'eb6db611-d763-438c-9246-7e6c1823f121','Cập nhật hình thức','Hóa đơn được cập nhật thành \'giao hàng\'',1,NULL,'2025-04-08 13:12:26'),('LS0a52eda5','HD01606d03',NULL,'eb6db611-d763-438c-9246-7e6c1823f121','Cập nhật trạng thái hóa đơn','Cập nhật trạng thái: Đang giao',4,'2025-04-11 19:56:41','2025-04-11 19:56:41'),('LS0b49d288','HD519f8a17',NULL,'eb6db611-d763-438c-9246-7e6c1823f121','Cập nhật số lượng sản phẩm','Cập nhật số lượng sản phẩm Sản phẩm 6 (Màu: Đỏ, Size: XXL) từ 1 thành 2',1,'2025-04-10 07:03:23',NULL),('LS0b4ae4a0','5fcbb4ba',NULL,'eb6db611-d763-438c-9246-7e6c1823f121','Cập nhật trạng thái hóa đơn','Tạo hóa đơn mới',1,'2025-04-19 06:49:03',NULL),('LS0b71314b','HDd818c613',NULL,'eb6db611-d763-438c-9246-7e6c1823f121','Thêm sản phẩm','Đã thêm sản phẩm: Sản phẩm 4 (1)',1,'2025-04-08 13:11:19',NULL),('LS0ba65028','HD519f8a17',NULL,'eb6db611-d763-438c-9246-7e6c1823f121','Cập nhật hình thức','Hóa đơn được cập nhật thành \'giao hàng\'',1,NULL,'2025-04-10 06:35:37'),('LS0c1e51c8','HDaf109366',NULL,'eb6db611-d763-438c-9246-7e6c1823f121','Cập nhật thông tin người nhận','Cập nhật thông tin người nhận: Khách hàng lẻ, Địa chỉ: Số 1, 13010, 3440, 201, SĐT: ',1,NULL,'2025-04-09 09:56:06'),('LS0c33693d','7dd3be64',NULL,'eb6db611-d763-438c-9246-7e6c1823f121','Cập nhật hình thức','Hóa đơn được cập nhật thành \'tại quay\'',1,NULL,'2025-04-19 17:04:09'),('LS0c3459c5','8c3568c8',NULL,'eb6db611-d763-438c-9246-7e6c1823f121','Cập nhật trạng thái hóa đơn','Chuyển trạng thái: Hoàn thành',5,'2025-04-17 03:50:49',NULL),('LS0c9717e5','HD1400166c',NULL,'eb6db611-d763-438c-9246-7e6c1823f121','Cập nhật trạng thái hóa đơn','Cập nhật trạng thái: Đã xác nhận',2,'2025-04-04 14:26:47','2025-04-04 14:26:47'),('LS0ce519a1','HD519f8a17',NULL,'eb6db611-d763-438c-9246-7e6c1823f121','Cập nhật trạng thái hóa đơn','Cập nhật trạng thái: Chờ xác nhận',1,'2025-04-10 06:37:30','2025-04-10 06:37:30'),('LS0ce915b1','64ce7ebf-3149-462e-b199-f8ea168ed615',NULL,'eb6db611-d763-438c-9246-7e6c1823f121','Thêm sản phẩm','Đã thêm sản phẩm: Sản phẩm 6 (1)',1,'2025-04-16 15:36:10',NULL),('LS0d18add3','7dd3be64',NULL,'eb6db611-d763-438c-9246-7e6c1823f121','Cập nhật hình thức','Hóa đơn được cập nhật thành \'tại quay\'',1,NULL,'2025-04-19 18:10:27'),('LS0d89035b','2294890a',NULL,'eb6db611-d763-438c-9246-7e6c1823f121','Thêm sản phẩm','Thêm sản phẩm Sản phẩm 4 (Màu: Hồng, Size: L) với số lượng 1, đơn giá 40,000 đ',1,'2025-04-17 03:31:32',NULL),('LS0df60295','546485e8',NULL,'eb6db611-d763-438c-9246-7e6c1823f121','Thêm nhiều sản phẩm','Thêm 2 sản phẩm vào đơn hàng',1,'2025-04-19 11:29:19',NULL),('LS0e2d69ae','7dd3be64',NULL,'eb6db611-d763-438c-9246-7e6c1823f121','Cập nhật hình thức','Hóa đơn được cập nhật thành \'tại quay\'',1,NULL,'2025-04-19 17:12:28'),('LS0e486420','374df497',NULL,'eb6db611-d763-438c-9246-7e6c1823f121','Thanh toán phụ phí','Thanh toán phụ phí 40.000 ₫ - Thanh toán bổ sung khi xác nhận đơn hàng',1,'2025-04-18 09:53:37',NULL),('LS0e4f8480','7dd3be64',NULL,'eb6db611-d763-438c-9246-7e6c1823f121','Cập nhật hình thức','Hóa đơn được cập nhật thành \'tại quay\'',1,NULL,'2025-04-19 17:05:53'),('LS0e670501','7dd3be64',NULL,'eb6db611-d763-438c-9246-7e6c1823f121','Cập nhật hình thức','Hóa đơn được cập nhật thành \'giao hàng\'',1,NULL,'2025-04-19 17:05:52'),('LS0efb7820','HDc86bfeb2',NULL,'eb6db611-d763-438c-9246-7e6c1823f121','Cập nhật hình thức','Hóa đơn được cập nhật thành \'tại quay\'',1,NULL,'2025-04-08 13:51:21'),('LS0efcd6fe','HD2bca696f',NULL,'eb6db611-d763-438c-9246-7e6c1823f121','Cập nhật trạng thái hóa đơn','Tạo hóa đơn mới',1,'2025-04-04 07:58:08',NULL),('LS0f84a704','HD1400166c',NULL,'eb6db611-d763-438c-9246-7e6c1823f121','Xóa sản phẩm','Xóa sản phẩm Sản phẩm 4 (Màu: Hồng, Size: L) - Số lượng: 2, Đơn giá: 2,000 đ',1,'2025-04-04 14:26:39',NULL),('LS0f9b1dc7','502c6a0e',NULL,'eb6db611-d763-438c-9246-7e6c1823f121','Cập nhật trạng thái hóa đơn','Xác nhận thanh toán thành công',2,'2025-04-19 19:38:00',NULL),('LS0fcaa03e','HD95aaeb8b',NULL,'eb6db611-d763-438c-9246-7e6c1823f121','Cập nhật trạng thái hóa đơn','Chuyển sang trạng thái Đã xác nhận',2,NULL,'2025-04-01 18:25:26'),('LS10236b46','5fcbb4ba',NULL,'eb6db611-d763-438c-9246-7e6c1823f121','Thêm sản phẩm','Thêm sản phẩm Sản phẩm 4 (Màu: Hồng, Size: L) với số lượng 1, đơn giá 40,000 đ',1,'2025-04-19 06:51:50',NULL),('LS109c56e3','HDb0ee41f6',NULL,'eb6db611-d763-438c-9246-7e6c1823f121','Hoàn tiền','Hoàn tiền thừa 1.057.868 ₫ cho khách hàng',1,'2025-04-04 15:27:29',NULL),('LS10b9d19f','HD8e41158c',NULL,'eb6db611-d763-438c-9246-7e6c1823f121','Cập nhật trạng thái hóa đơn','Chuyển sang trạng thái Chờ giao hàng',3,NULL,'2025-04-01 16:30:05'),('LS11112134','HD01606d03',NULL,'eb6db611-d763-438c-9246-7e6c1823f121','Thêm sản phẩm','Thêm sản phẩm Sản phẩm test (Màu: Hồng, Size: XXL) với số lượng 1, đơn giá 220,000 đ',1,'2025-04-11 19:55:33',NULL),('LS11368766','ab0849aa',NULL,'eb6db611-d763-438c-9246-7e6c1823f121','Cập nhật trạng thái hóa đơn','Tạo hóa đơn mới',1,'2025-04-19 08:15:56',NULL),('LS120124ef','HD2e448207',NULL,'eb6db611-d763-438c-9246-7e6c1823f121','Cập nhật trạng thái hóa đơn','Chuyển sang trạng thái Chờ xác nhận',1,NULL,'2025-03-29 14:25:45'),('LS12151373','c9183b91',NULL,'eb6db611-d763-438c-9246-7e6c1823f121','Cập nhật hình thức','Hóa đơn được cập nhật thành \'giao hàng\'',1,NULL,'2025-04-18 15:57:42'),('LS12d98023','HDaf109366',NULL,'eb6db611-d763-438c-9246-7e6c1823f121','Cập nhật thông tin người nhận','Cập nhật thông tin người nhận: Khách hàng lẻ, Địa chỉ: Số 1, 22406, 2090, 202, SĐT: ',1,NULL,'2025-04-09 11:57:05'),('LS134bcbe2','HD2bca696f',NULL,'eb6db611-d763-438c-9246-7e6c1823f121','Hủy hóa đơn','Hóa đơn bị hủy: Chán',6,'2025-04-04 10:26:57',NULL),('LS13a95e1a','8c3568c8',NULL,'eb6db611-d763-438c-9246-7e6c1823f121','Cập nhật trạng thái hóa đơn','Chuyển trạng thái: Đã xác nhận',2,'2025-04-17 03:50:49',NULL),('LS1416a539','HD519f8a17',NULL,'eb6db611-d763-438c-9246-7e6c1823f121','Cập nhật số lượng sản phẩm','Cập nhật số lượng sản phẩm Sản phẩm 4 (Màu: Hồng, Size: L) từ 2 thành 1',1,'2025-04-10 06:43:54',NULL),('LS14235075','HDb0ee41f6',NULL,'eb6db611-d763-438c-9246-7e6c1823f121','Thêm sản phẩm','Đã thêm sản phẩm: Sản phẩm test (1)',1,'2025-04-04 13:09:39',NULL),('LS14dcaa55','HDf51574d6',NULL,'eb6db611-d763-438c-9246-7e6c1823f121','Thêm sản phẩm','Thêm sản phẩm Sản phẩm test (Màu: Hồng, Size: L) với số lượng 1, đơn giá 200,000 đ',1,'2025-04-11 08:33:29',NULL),('LS14f61edb','178390f6-fddc-4fbf-bbbd-23fd0fd221ff',NULL,'eb6db611-d763-438c-9246-7e6c1823f121','Cập nhật trạng thái hóa đơn','Chuyển trạng thái: Đã xác nhận',2,'2025-04-17 03:14:10',NULL),('LS152787ad','HDdaffa8f9',NULL,'eb6db611-d763-438c-9246-7e6c1823f121','Thêm sản phẩm','Thêm sản phẩm Sản phẩm 4 (Màu: Hồng, Size: L) với số lượng 1, đơn giá 2,000 đ',1,'2025-04-03 19:54:51',NULL),('LS154b8ca6','546485e8',NULL,'eb6db611-d763-438c-9246-7e6c1823f121','Xóa sản phẩm','Xóa sản phẩm Sản phẩm test (Màu: Xanh lá, Size: XXL) - Số lượng: 3, Đơn giá: 10,000 đ',1,'2025-04-19 11:30:40',NULL),('LS159c47f1','HD8e41158c',NULL,'eb6db611-d763-438c-9246-7e6c1823f121','Cập nhật trạng thái hóa đơn','Tạo hóa đơn mới',1,'2025-03-28 10:09:36',NULL),('LS15dc1b44','HD2e448207',NULL,'eb6db611-d763-438c-9246-7e6c1823f121','Cập nhật trạng thái hóa đơn','Chuyển sang trạng thái Đã xác nhận',2,NULL,'2025-03-29 14:25:36'),('LS16bcba07','8391b293',NULL,NULL,'Cập nhật thanh toán VNPAY','Thanh toán qua VNPAY thành công: 71.501 ₫',1,'2025-04-19 05:32:42',NULL),('LS16dd7a0c','7dd3be64',NULL,'eb6db611-d763-438c-9246-7e6c1823f121','Xóa sản phẩm','Xóa sản phẩm Sản phẩm 4 (Màu: Hồng, Size: L) - Số lượng: 1, Đơn giá: 40,000 đ',1,'2025-04-19 18:35:43',NULL),('LS1712b33a','546485e8',NULL,'eb6db611-d763-438c-9246-7e6c1823f121','Xóa sản phẩm','Xóa sản phẩm Sản phẩm 4 (Màu: Hồng, Size: XL) - Số lượng: 1, Đơn giá: 1,000 đ',1,'2025-04-19 11:30:37',NULL),('LS1805c552','HD25506ef0',NULL,'eb6db611-d763-438c-9246-7e6c1823f121','Thêm sản phẩm','Đã thêm sản phẩm: Sản phẩm test (1)',1,'2025-04-04 17:46:09',NULL),('LS181bd259','HDaf109366',NULL,'eb6db611-d763-438c-9246-7e6c1823f121','Cập nhật thông tin người nhận','Cập nhật thông tin người nhận: Khách hàng lẻ, Địa chỉ: Số 1, 1B2728, 3303, 201, SĐT: ',1,NULL,'2025-04-09 11:56:26'),('LS1885c0ad','HDc1e8ad2e',NULL,'eb6db611-d763-438c-9246-7e6c1823f121','Xóa sản phẩm','Xóa sản phẩm Sản phẩm 4 (Màu: Hồng, Size: L) - Số lượng: 1, Đơn giá: 40,000 đ',1,'2025-04-11 10:42:22',NULL),('LS18c69b40','HD9c62d1df',NULL,'eb6db611-d763-438c-9246-7e6c1823f121','Cập nhật trạng thái hóa đơn','Cập nhật trạng thái: Đã xác nhận',2,'2025-04-04 07:42:33','2025-04-04 07:42:33'),('LS1946c80f','7dd3be64',NULL,'eb6db611-d763-438c-9246-7e6c1823f121','Cập nhật hình thức','Hóa đơn được cập nhật thành \'tại quay\'',1,NULL,'2025-04-19 17:09:31'),('LS197fd08a','7dd3be64',NULL,'eb6db611-d763-438c-9246-7e6c1823f121','Cập nhật hình thức','Hóa đơn được cập nhật thành \'tại quay\'',1,NULL,'2025-04-19 17:09:25'),('LS1b2264ca','HD894923d8',NULL,'eb6db611-d763-438c-9246-7e6c1823f121','Cập nhật trạng thái hóa đơn','Chuyển trạng thái: Hoàn thành',5,'2025-04-01 19:09:47',NULL),('LS1b67dd79','HDdaffa8f9',NULL,'eb6db611-d763-438c-9246-7e6c1823f121','Cập nhật thông tin người nhận','Cập nhật thông tin người nhận: Khách hàng lẻ, Địa chỉ: Số 122, Nhà 11, 220714, 2194, 268, SĐTnull',1,NULL,'2025-04-03 18:39:10'),('LS1bd49977','HDc86bfeb2',NULL,'eb6db611-d763-438c-9246-7e6c1823f121','Cập nhật hình thức','Hóa đơn được cập nhật thành \'tại quay\'',1,NULL,'2025-04-08 13:51:29'),('LS1be2cf9f','HDc86bfeb2',NULL,'eb6db611-d763-438c-9246-7e6c1823f121','Cập nhật hình thức','Hóa đơn được cập nhật thành \'giao hàng\'',1,NULL,'2025-04-08 13:59:13'),('LS1c2a3971','546485e8',NULL,'eb6db611-d763-438c-9246-7e6c1823f121','Thêm sản phẩm','Thêm sản phẩm Sản phẩm 5 (Màu: Xanh lá, Size: XXL) với số lượng 1, đơn giá 2,002,000 đ',1,'2025-04-19 11:34:11',NULL),('LS1c6bbfb0','HD4e65d2d1',NULL,'eb6db611-d763-438c-9246-7e6c1823f121','Cập nhật số lượng sản phẩm','Cập nhật số lượng sản phẩm Sản phẩm 6 (Màu: Đỏ, Size: XXL) từ 1 thành 2',1,'2025-04-10 07:04:27',NULL),('LS1c746b2b','481c74ab',NULL,'eb6db611-d763-438c-9246-7e6c1823f121','Thêm sản phẩm','Thêm sản phẩm Sản phẩm test (Màu: Hồng, Size: L) với số lượng 1, đơn giá 200,000 đ',1,'2025-04-18 11:03:57',NULL),('LS1cb57e30','HD25506ef0',NULL,'eb6db611-d763-438c-9246-7e6c1823f121','Thêm sản phẩm','Thêm sản phẩm Sản phẩm test (Màu: Hồng, Size: L) với số lượng 1, đơn giá 200,000 đ',1,'2025-04-04 17:47:52',NULL),('LS1ce78064','HD8e41158c',NULL,'eb6db611-d763-438c-9246-7e6c1823f121','Cập nhật trạng thái hóa đơn','Chuyển sang trạng thái Đã xác nhận',2,NULL,'2025-04-01 16:29:57'),('LS1d0b1a10','HD519f8a17',NULL,'eb6db611-d763-438c-9246-7e6c1823f121','Cập nhật trạng thái hóa đơn','Chuyển trạng thái: Chờ giao hàng',3,'2025-04-10 06:36:01',NULL),('LS1dc0ba04','7f11126a',NULL,NULL,'Cập nhật thanh toán VNPAY','Thanh toán qua VNPAY thành công: 439.985 ₫',5,'2025-04-17 03:46:55',NULL),('LS1e94de86','64ce7ebf-3149-462e-b199-f8ea168ed615',NULL,'eb6db611-d763-438c-9246-7e6c1823f121','Thêm nhiều sản phẩm','Thêm 3 sản phẩm vào đơn hàng',1,'2025-04-16 15:35:18',NULL),('LS1ec165a9','374df497',NULL,'eb6db611-d763-438c-9246-7e6c1823f121','Thanh toán phụ phí','Thanh toán phụ phí 40.000 ₫ - Thanh toán bổ sung khi xác nhận đơn hàng',1,'2025-04-18 11:00:50',NULL),('LS1ef89f1a','HDb0ee41f6',NULL,'eb6db611-d763-438c-9246-7e6c1823f121','Cập nhật trạng thái hóa đơn','Cập nhật trạng thái: Chờ xác nhận',1,'2025-04-04 15:58:59','2025-04-04 15:58:59'),('LS1f1268aa','d2f68dfc',NULL,'eb6db611-d763-438c-9246-7e6c1823f121','Cập nhật hình thức','Hóa đơn được cập nhật thành \'giao hàng\'',1,NULL,'2025-04-17 16:26:27'),('LS1f475763','HDc86bfeb2',NULL,'eb6db611-d763-438c-9246-7e6c1823f121','Cập nhật trạng thái hóa đơn','Cập nhật trạng thái: Chờ giao hàng',3,'2025-04-08 15:13:58','2025-04-08 15:13:58'),('LS1f5bada9','HD2e448207',NULL,'eb6db611-d763-438c-9246-7e6c1823f121','Cập nhật trạng thái hóa đơn','Chuyển sang trạng thái Chờ xác nhận',1,'2025-03-28 19:18:11','2025-03-28 19:18:11'),('LS1fbdf76f','39cc6594',NULL,'eb6db611-d763-438c-9246-7e6c1823f121','Cập nhật trạng thái hóa đơn','Chuyển trạng thái: Đã xác nhận',2,'2025-04-17 03:30:58',NULL),('LS1fcb8ee6','HDc86bfeb2',NULL,'eb6db611-d763-438c-9246-7e6c1823f121','Cập nhật trạng thái hóa đơn','Cập nhật trạng thái: Hoàn thành',5,'2025-04-08 15:14:10','2025-04-08 15:14:10'),('LS1fe19925','HDb0ee41f6',NULL,'eb6db611-d763-438c-9246-7e6c1823f121','Cập nhật trạng thái hóa đơn','Cập nhật trạng thái: Chờ xác nhận',1,'2025-04-04 15:09:14','2025-04-04 15:09:14'),('LS200343de','7dd3be64',NULL,'eb6db611-d763-438c-9246-7e6c1823f121','Cập nhật hình thức','Hóa đơn được cập nhật thành \'giao hàng\'',1,NULL,'2025-04-19 17:10:02'),('LS201b3a5d','HD2e448207',NULL,'eb6db611-d763-438c-9246-7e6c1823f121','Cập nhật thông tin người nhận','Cập nhật thông tin người nhận: Khách hàng lẻ, SĐT: null',1,NULL,'2025-03-29 15:27:45'),('LS20c9975c','374df497',NULL,'eb6db611-d763-438c-9246-7e6c1823f121','Cập nhật số lượng sản phẩm','Cập nhật số lượng sản phẩm Sản phẩm 4 (Màu: Hồng, Size: L) từ 2 thành 3',1,'2025-04-18 11:00:05',NULL),('LS20f0e1ef','677b3361',NULL,'eb6db611-d763-438c-9246-7e6c1823f121','Cập nhật trạng thái hóa đơn','Tạo hóa đơn mới',1,'2025-04-18 11:49:09',NULL),('LS210be8e9','HD1400166c',NULL,'eb6db611-d763-438c-9246-7e6c1823f121','Cập nhật trạng thái hóa đơn','Tạo hóa đơn mới',1,'2025-04-04 12:55:47',NULL),('LS212b1585','HDc86bfeb2',NULL,'eb6db611-d763-438c-9246-7e6c1823f121','Hoàn tiền','Hoàn tiền thừa 3.283.107 ₫ cho khách hàng: Hoàn tiền thừa cho khách hàng',5,'2025-04-08 15:14:16',NULL),('LS217e0485','546485e8',NULL,'eb6db611-d763-438c-9246-7e6c1823f121','Thêm sản phẩm','Thêm sản phẩm Sản phẩm test (Màu: Hồng, Size: L) với số lượng 3, đơn giá 200,000 đ',1,'2025-04-19 11:29:19',NULL),('LS226b39c3','HDf2b92245',NULL,'eb6db611-d763-438c-9246-7e6c1823f121','Cập nhật trạng thái hóa đơn','Tạo hóa đơn mới',1,'2025-04-04 07:56:59',NULL),('LS2321b7f9','HDdaffa8f9',NULL,'eb6db611-d763-438c-9246-7e6c1823f121','Cập nhật trạng thái hóa đơn','Cập nhật trạng thái: Đã xác nhận',2,'2025-04-03 18:18:11','2025-04-03 18:18:11'),('LS23cd6a45','HD3f7f95a5',NULL,'eb6db611-d763-438c-9246-7e6c1823f121','Thêm sản phẩm','Đã thêm sản phẩm: Sản phẩm test (1)',1,'2025-04-11 19:47:15',NULL),('LS23e20f3f','546485e8',NULL,'eb6db611-d763-438c-9246-7e6c1823f121','Cập nhật số lượng sản phẩm','Cập nhật số lượng sản phẩm Sản phẩm 4 (Màu: Hồng, Size: L) từ 5 thành 4',1,'2025-04-19 11:30:46',NULL),('LS24761ffa','7dd3be64',NULL,'eb6db611-d763-438c-9246-7e6c1823f121','Thêm sản phẩm','Thêm sản phẩm Sản phẩm 4 (Màu: Đỏ, Size: XXL) với số lượng 1, đơn giá 200,000 đ',1,'2025-04-19 18:34:05',NULL),('LS24c34a6a','HDa96829a3',NULL,'eb6db611-d763-438c-9246-7e6c1823f121','Xóa voucher','Đã xóa voucher tên 10 với mã PG001 (giảm 82,200 đ) khỏi hóa đơn',1,'2025-04-06 09:55:55',NULL),('LS24f985ff','7dd3be64',NULL,'eb6db611-d763-438c-9246-7e6c1823f121','Thêm sản phẩm','Thêm sản phẩm Sản phẩm 4 (Màu: Đỏ, Size: XL) với số lượng 1, đơn giá 250,000 đ',1,'2025-04-19 18:35:59',NULL),('LS257cd5cb','52db00c8',NULL,'eb6db611-d763-438c-9246-7e6c1823f121','Thêm sản phẩm','Thêm sản phẩm Sản phẩm 4 (Màu: Hồng, Size: L) với số lượng 1, đơn giá 40,000 đ',1,'2025-04-17 15:52:37',NULL),('LS2671c217','HDaf109366',NULL,'eb6db611-d763-438c-9246-7e6c1823f121','Cập nhật thông tin người nhận','Cập nhật thông tin người nhận: Khách hàng lẻ, Địa chỉ: Số 1, 22305, 1534, 202, SĐT: ',1,NULL,'2025-04-09 11:37:29'),('LS267ccdaa','546485e8',NULL,NULL,'Cập nhật thanh toán VNPAY','Thanh toán qua VNPAY thành công: 3.452.000 ₫',5,'2025-04-19 15:28:46',NULL),('LS26b6d20f','HD9c62d1df',NULL,'eb6db611-d763-438c-9246-7e6c1823f121','Cập nhật trạng thái hóa đơn','Cập nhật trạng thái: Chờ xác nhận',1,'2025-04-04 07:42:03','2025-04-04 07:42:03'),('LS26d6bc6b','d2f68dfc',NULL,NULL,'Cập nhật thanh toán VNPAY','Thanh toán qua VNPAY thành công: 40.000 ₫',1,'2025-04-17 16:27:13',NULL),('LS26de8838','HD9c62d1df',NULL,'eb6db611-d763-438c-9246-7e6c1823f121','Cập nhật trạng thái hóa đơn','Cập nhật trạng thái: Chờ giao hàng',3,'2025-04-04 07:49:29','2025-04-04 07:49:29'),('LS27261815','77cb7dcb',NULL,'eb6db611-d763-438c-9246-7e6c1823f121','Áp dụng voucher','Áp dụng voucher PGG-8B689EE0 giảm 15 đ cho hóa đơn',1,'2025-04-19 08:53:37',NULL),('LS281d4def','546485e8',NULL,'eb6db611-d763-438c-9246-7e6c1823f121','Thêm sản phẩm','Thêm sản phẩm Sản phẩm test (Màu: Xanh lá, Size: XXL) với số lượng 3, đơn giá 10,000 đ',1,'2025-04-19 11:30:00',NULL),('LS284f43f7','HDdaffa8f9',NULL,'eb6db611-d763-438c-9246-7e6c1823f121','Thanh toán bổ sung','Thanh toán bổ sung 224.132 ₫',1,'2025-04-03 21:34:57',NULL),('LS28747f70','HD1400166c',NULL,'eb6db611-d763-438c-9246-7e6c1823f121','Cập nhật trạng thái hóa đơn','Cập nhật trạng thái: Đã xác nhận',2,'2025-04-04 14:17:57','2025-04-04 14:17:57'),('LS28bfb676','0f2a8737',NULL,'eb6db611-d763-438c-9246-7e6c1823f121','Hủy hóa đơn','Hóa đơn bị hủy: Sản phẩm không đáp ứng yêu cầu của khách',6,'2025-04-18 12:21:40',NULL),('LS29084b3b','2294890a',NULL,'eb6db611-d763-438c-9246-7e6c1823f121','Cập nhật trạng thái hóa đơn','Tạo hóa đơn mới',1,'2025-04-17 03:31:22',NULL),('LS2955e05f','HD4e65d2d1',NULL,'eb6db611-d763-438c-9246-7e6c1823f121','Cập nhật hình thức','Hóa đơn được cập nhật thành \'tại quay\'',1,NULL,'2025-04-10 07:04:23'),('LS29da4712','HDdaffa8f9',NULL,'eb6db611-d763-438c-9246-7e6c1823f121','Cập nhật trạng thái hóa đơn','Cập nhật trạng thái: Đã xác nhận',2,'2025-04-03 21:36:17','2025-04-03 21:36:17'),('LS2a79fe51','dbfc226e',NULL,'eb6db611-d763-438c-9246-7e6c1823f121','Thêm sản phẩm','Thêm sản phẩm Sản phẩm 4 (Màu: Hồng, Size: L) với số lượng 1, đơn giá 40,000 đ',1,'2025-04-19 16:55:18',NULL),('LS2aa71fec','64ce7ebf-3149-462e-b199-f8ea168ed615',NULL,'eb6db611-d763-438c-9246-7e6c1823f121','Thêm sản phẩm','Thêm sản phẩm Sản phẩm 1 (Màu: Xanh lá, Size: XXL) với số lượng 1, đơn giá 200,000 đ',1,'2025-04-16 15:35:18',NULL),('LS2ad5436f','HDc86bfeb2',NULL,'eb6db611-d763-438c-9246-7e6c1823f121','Cập nhật hình thức','Hóa đơn được cập nhật thành \'tại quay\'',1,NULL,'2025-04-08 13:55:38'),('LS2af2f960','HD894923d8',NULL,'eb6db611-d763-438c-9246-7e6c1823f121','Cập nhật trạng thái hóa đơn','Chuyển trạng thái: Đã xác nhận',2,'2025-04-01 19:09:47',NULL),('LS2b48ecb0','HDc86bfeb2',NULL,'eb6db611-d763-438c-9246-7e6c1823f121','Thanh toán phụ phí','Thanh toán phụ phí 1.094.369 ₫ - Thanh toán khi xác nhận đơn hàng',1,'2025-04-08 14:15:31',NULL),('LS2b75661e','7dd3be64',NULL,'eb6db611-d763-438c-9246-7e6c1823f121','Cập nhật hình thức','Hóa đơn được cập nhật thành \'tại quay\'',1,NULL,'2025-04-19 17:33:41'),('LS2be082b4','HDc86bfeb2',NULL,'eb6db611-d763-438c-9246-7e6c1823f121','Áp dụng voucher','Áp dụng voucher PG001 giảm 64,000 đ cho hóa đơn',1,'2025-04-08 14:13:17',NULL),('LS2bf40b29','4a919226',NULL,'eb6db611-d763-438c-9246-7e6c1823f121','Hủy hóa đơn','Hóa đơn bị hủy: Không có lý do',6,'2025-04-17 03:55:24',NULL),('LS2c1a7471','7dd3be64',NULL,NULL,'Xác nhận thanh toán VNPAY','Thanh toán qua VNPAY thành công số tiền: 3.092.000 ₫',3,'2025-04-19 19:31:31',NULL),('LS2c2cb444','7dd3be64',NULL,'eb6db611-d763-438c-9246-7e6c1823f121','Cập nhật hình thức','Hóa đơn được cập nhật thành \'giao hàng\'',1,NULL,'2025-04-19 17:09:26'),('LS2cf11285','HD9f08dcfc',NULL,'eb6db611-d763-438c-9246-7e6c1823f121','Cập nhật trạng thái hóa đơn','Cập nhật trạng thái: Hoàn thành',5,'2025-04-11 09:04:33','2025-04-11 09:04:33'),('LS2d452d1e','HD2e448207',NULL,'eb6db611-d763-438c-9246-7e6c1823f121','Cập nhật trạng thái hóa đơn','Chuyển sang trạng thái Đã xác nhận',2,'2025-03-28 19:34:36','2025-03-28 19:34:36'),('LS2d4635c7','HDc86bfeb2',NULL,'eb6db611-d763-438c-9246-7e6c1823f121','Cập nhật hình thức','Hóa đơn được cập nhật thành \'giao hàng\'',1,NULL,'2025-04-08 13:51:51'),('LS2d65217f','7dd3be64',NULL,'eb6db611-d763-438c-9246-7e6c1823f121','Xóa sản phẩm','Xóa sản phẩm Sản phẩm 4 (Màu: Đỏ, Size: XL) - Số lượng: 1, Đơn giá: 250,000 đ',1,'2025-04-19 18:35:38',NULL),('LS2df7a029','4a919226',NULL,'eb6db611-d763-438c-9246-7e6c1823f121','Cập nhật trạng thái hóa đơn','Tạo hóa đơn mới',1,'2025-04-17 03:54:53',NULL),('LS2e1a95b0','HD1400166c',NULL,'eb6db611-d763-438c-9246-7e6c1823f121','Thanh toán bổ sung','Thanh toán bổ sung 202.000 ₫',1,'2025-04-04 14:26:00',NULL),('LS2e2bda8b','HD3f7f95a5',NULL,'eb6db611-d763-438c-9246-7e6c1823f121','Cập nhật số lượng sản phẩm','Cập nhật số lượng sản phẩm Sản phẩm test (Màu: Hồng, Size: XXL) từ 3 thành 2',1,'2025-04-11 19:48:25',NULL),('LS2f5de476','8c3568c8',NULL,'eb6db611-d763-438c-9246-7e6c1823f121','Thêm sản phẩm','Thêm sản phẩm Sản phẩm test (Màu: Hồng, Size: L) với số lượng 1, đơn giá 200,000 đ',1,'2025-04-17 03:50:23',NULL),('LS2f9681a6','HDc86bfeb2',NULL,'eb6db611-d763-438c-9246-7e6c1823f121','Cập nhật hình thức','Hóa đơn được cập nhật thành \'tại quay\'',1,NULL,'2025-04-08 13:51:50'),('LS2faf7275','7dd3be64',NULL,'eb6db611-d763-438c-9246-7e6c1823f121','Thêm sản phẩm','Thêm sản phẩm Sản phẩm 4 (Màu: Đỏ, Size: XL) với số lượng 1, đơn giá 250,000 đ',1,'2025-04-19 18:34:05',NULL),('LS2fdcf858','7dd3be64',NULL,'eb6db611-d763-438c-9246-7e6c1823f121','Cập nhật hình thức','Hóa đơn được cập nhật thành \'tại quay\'',1,NULL,'2025-04-19 17:04:30'),('LS30150e43','HD1400166c',NULL,'eb6db611-d763-438c-9246-7e6c1823f121','Thanh toán bổ sung','Thanh toán bổ sung 7.868 ₫',1,'2025-04-04 14:16:06',NULL),('LS303c5970','HD519f8a17',NULL,'eb6db611-d763-438c-9246-7e6c1823f121','Cập nhật thông tin người nhận','Cập nhật thông tin người nhận: Khách hàng lẻ, Địa chỉ: Số 12, 13009, 3440, 201, SĐT: ',1,NULL,'2025-04-10 06:45:53'),('LS30c77ca9','546485e8',NULL,'eb6db611-d763-438c-9246-7e6c1823f121','Cập nhật trạng thái hóa đơn','Tạo hóa đơn mới',1,'2025-04-19 11:26:24',NULL),('LS30d6f316','HDaf109366',NULL,'eb6db611-d763-438c-9246-7e6c1823f121','Cập nhật thông tin người nhận','Cập nhật thông tin người nhận: Khách hàng lẻ, Địa chỉ: Số 1, 22307, 1534, 202, SĐT: ',1,NULL,'2025-04-09 11:38:24'),('LS31a7d6fa','59dd7242',NULL,'eb6db611-d763-438c-9246-7e6c1823f121','Hủy hóa đơn','Hóa đơn bị hủy: Lỗi thông tin đơn hàng',6,'2025-04-18 12:20:46',NULL),('LS31d7f65d','HD0a4523df',NULL,'eb6db611-d763-438c-9246-7e6c1823f121','Cập nhật trạng thái hóa đơn','Cập nhật trạng thái: Chờ giao hàng',3,'2025-04-03 17:55:10','2025-04-03 17:55:10'),('LS32190916','HDa96829a3',NULL,'eb6db611-d763-438c-9246-7e6c1823f121','Xóa voucher','Đã xóa voucher tên 10 với mã PG001 (giảm 82,200 đ) khỏi hóa đơn',1,'2025-04-06 09:56:14',NULL),('LS322d0dcd','4eb43f58',NULL,'eb6db611-d763-438c-9246-7e6c1823f121','Thêm sản phẩm','Thêm sản phẩm Sản phẩm 4 (Màu: Hồng, Size: L) với số lượng 1, đơn giá 40,000 đ',1,'2025-04-19 16:56:39',NULL),('LS32393c3b','7dd3be64',NULL,'eb6db611-d763-438c-9246-7e6c1823f121','Cập nhật hình thức','Hóa đơn được cập nhật thành \'giao hàng\'',1,NULL,'2025-04-19 17:09:27'),('LS3283c596','HDc86bfeb2',NULL,'eb6db611-d763-438c-9246-7e6c1823f121','Thêm sản phẩm','Đã thêm sản phẩm: Sản phẩm test (1)',1,'2025-04-08 13:52:42',NULL),('LS32931b64','HDc1e8ad2e',NULL,'eb6db611-d763-438c-9246-7e6c1823f121','Cập nhật trạng thái hóa đơn','Cập nhật trạng thái: Hoàn thành',5,'2025-04-11 10:42:33','2025-04-11 10:42:33'),('LS32d47bc4','HDd818c613',NULL,'eb6db611-d763-438c-9246-7e6c1823f121','Cập nhật hình thức','Hóa đơn được cập nhật thành \'tại quay\'',1,NULL,'2025-04-08 13:37:53'),('LS32f0d86d','HDf51574d6',NULL,'eb6db611-d763-438c-9246-7e6c1823f121','Cập nhật trạng thái hóa đơn','Cập nhật trạng thái: Đang giao',4,'2025-04-11 08:54:20','2025-04-11 08:54:20'),('LS3380380f','e8a0cf46',NULL,'eb6db611-d763-438c-9246-7e6c1823f121','Cập nhật trạng thái hóa đơn','Tạo hóa đơn mới',1,'2025-04-17 03:49:19',NULL),('LS339be3e2','7dd3be64',NULL,'eb6db611-d763-438c-9246-7e6c1823f121','Cập nhật hình thức','Hóa đơn được cập nhật thành \'tại quay\'',1,NULL,'2025-04-19 17:31:41'),('LS33d3bc47','7dd3be64',NULL,'eb6db611-d763-438c-9246-7e6c1823f121','Thêm sản phẩm','Thêm sản phẩm Sản phẩm 4 (Màu: Đỏ, Size: L) với số lượng 1, đơn giá 200,000 đ',1,'2025-04-19 18:34:05',NULL),('LS345d2f2a','7dd3be64',NULL,'eb6db611-d763-438c-9246-7e6c1823f121','Cập nhật hình thức','Hóa đơn được cập nhật thành \'giao hàng\'',1,NULL,'2025-04-19 17:02:35'),('LS34718cba','dbfc226e',NULL,'eb6db611-d763-438c-9246-7e6c1823f121','Cập nhật trạng thái hóa đơn','Tạo hóa đơn mới',1,'2025-04-19 16:54:27',NULL),('LS34ad6db8','HD3f7f95a5',NULL,'eb6db611-d763-438c-9246-7e6c1823f121','Thêm sản phẩm','Đã thêm sản phẩm: Sản phẩm test (1)',1,'2025-04-11 19:46:55',NULL),('LS3538bfad','HDd818c613',NULL,'eb6db611-d763-438c-9246-7e6c1823f121','Thêm sản phẩm','Đã thêm sản phẩm: Sản phẩm test (1)',1,'2025-04-08 13:11:18',NULL),('LS356a6f77','HD8e41158c',NULL,'eb6db611-d763-438c-9246-7e6c1823f121','Cập nhật số lượng sản phẩm','Cập nhật số lượng sản phẩm Sản phẩm test (Màu: Hồng, Size: L) từ 1 thành 2',1,'2025-04-01 17:03:01',NULL),('LS35b020bb','HD25506ef0',NULL,'eb6db611-d763-438c-9246-7e6c1823f121','Thanh toán bổ sung','Thanh toán bổ sung 200.000 ₫',1,'2025-04-04 17:48:40',NULL),('LS35e906e0','HDf51574d6',NULL,'eb6db611-d763-438c-9246-7e6c1823f121','Thanh toán phụ phí','Thanh toán phụ phí 2.000.000 ₫ - Thanh toán khi xác nhận đơn hàng',1,'2025-04-11 08:53:13',NULL),('LS35ef1c12','7dd3be64',NULL,'eb6db611-d763-438c-9246-7e6c1823f121','Cập nhật hình thức','Hóa đơn được cập nhật thành \'tại quay\'',1,NULL,'2025-04-19 17:32:01'),('LS36841433','HD1400166c',NULL,'eb6db611-d763-438c-9246-7e6c1823f121','Cập nhật trạng thái hóa đơn','Cập nhật trạng thái: Đã xác nhận',2,'2025-04-04 14:16:06','2025-04-04 14:16:06'),('LS368e935e','f9936fa0',NULL,'eb6db611-d763-438c-9246-7e6c1823f121','Cập nhật trạng thái hóa đơn','Tạo hóa đơn mới',1,'2025-04-18 12:13:08',NULL),('LS36c2b5d0','c9183b91',NULL,'eb6db611-d763-438c-9246-7e6c1823f121','Cập nhật hình thức','Hóa đơn được cập nhật thành \'tại quay\'',1,NULL,'2025-04-18 15:39:30'),('LS377be3d6','HD2bca696f',NULL,'eb6db611-d763-438c-9246-7e6c1823f121','Thanh toán hóa đơn','Thanh toán hóa đơn 190.000 ₫',1,'2025-04-04 07:58:42',NULL),('LS37a058a6','HDc86bfeb2',NULL,'eb6db611-d763-438c-9246-7e6c1823f121','Cập nhật trạng thái hóa đơn','Cập nhật trạng thái: Đã xác nhận',2,'2025-04-08 15:13:47','2025-04-08 15:13:47'),('LS37e476ac','HD25506ef0',NULL,'eb6db611-d763-438c-9246-7e6c1823f121','Hoàn tiền','Hoàn tiền thừa 200.000 ₫ cho khách hàng: Hoàn tiền thừa sau khi áp dụng voucher',5,'2025-04-04 17:50:05',NULL),('LS386b7c46','77cb7dcb',NULL,'eb6db611-d763-438c-9246-7e6c1823f121','Thêm sản phẩm','Thêm sản phẩm Sản phẩm 4 (Màu: Hồng, Size: L) với số lượng 1, đơn giá 40,000 đ',1,'2025-04-19 08:53:04',NULL),('LS38886dc2','e6c499e3',NULL,'eb6db611-d763-438c-9246-7e6c1823f121','Thêm sản phẩm','Thêm sản phẩm Sản phẩm 4 (Màu: Hồng, Size: L) với số lượng 1, đơn giá 40,000 đ',1,'2025-04-19 06:09:42',NULL),('LS38b62fab','c9183b91',NULL,'eb6db611-d763-438c-9246-7e6c1823f121','Cập nhật hình thức','Hóa đơn được cập nhật thành \'giao hàng\'',1,NULL,'2025-04-18 15:58:02'),('LS38b75fea','502c6a0e',NULL,'eb6db611-d763-438c-9246-7e6c1823f121','Thêm sản phẩm','Thêm sản phẩm Sản phẩm test (Màu: Hồng, Size: L) với số lượng 1, đơn giá 200,000 đ',1,'2025-04-19 19:36:46',NULL),('LS38ba2780','HDf51574d6',NULL,'eb6db611-d763-438c-9246-7e6c1823f121','Cập nhật trạng thái hóa đơn','Cập nhật trạng thái: Chờ xác nhận',1,'2025-04-11 08:54:01','2025-04-11 08:54:01'),('LS3952828a','c9183b91',NULL,'eb6db611-d763-438c-9246-7e6c1823f121','Cập nhật hình thức','Hóa đơn được cập nhật thành \'giao hàng\'',1,NULL,'2025-04-18 15:55:32'),('LS39e5c275','c9183b91',NULL,'eb6db611-d763-438c-9246-7e6c1823f121','Cập nhật hình thức','Hóa đơn được cập nhật thành \'tại quay\'',1,NULL,'2025-04-18 15:55:35'),('LS3a3137ec','HDf2b92245',NULL,'eb6db611-d763-438c-9246-7e6c1823f121','Thêm sản phẩm','Thêm sản phẩm Sản phẩm 4 (Màu: Hồng, Size: L) với số lượng 1, đơn giá 2,000 đ',1,'2025-04-04 07:57:09',NULL),('LS3aa33192','f9936fa0',NULL,'eb6db611-d763-438c-9246-7e6c1823f121','Hủy hóa đơn','Hóa đơn bị hủy: Không liên hệ được với khách hàng',6,'2025-04-18 12:13:52',NULL),('LS3ad489c3','HDd818c613',NULL,'eb6db611-d763-438c-9246-7e6c1823f121','Cập nhật hình thức','Hóa đơn được cập nhật thành \'giao hàng\'',1,NULL,'2025-04-08 13:12:19'),('LS3b894692','HD3f7f95a5',NULL,'eb6db611-d763-438c-9246-7e6c1823f121','Cập nhật trạng thái hóa đơn','Cập nhật trạng thái: Đã xác nhận',2,'2025-04-11 19:54:41','2025-04-11 19:54:41'),('LS3c555038','374df497',NULL,'eb6db611-d763-438c-9246-7e6c1823f121','Cập nhật số lượng sản phẩm','Cập nhật số lượng sản phẩm Sản phẩm 4 (Màu: Hồng, Size: L) từ 2 thành 1',1,'2025-04-18 10:45:17',NULL),('LS3c9351a2','HD1400166c',NULL,'eb6db611-d763-438c-9246-7e6c1823f121','Xóa sản phẩm','Xóa sản phẩm Sản phẩm test (Màu: Hồng, Size: L) - Số lượng: 1, Đơn giá: 200,000 đ',1,'2025-04-04 14:17:39',NULL),('LS3d6b2913','77cb7dcb',NULL,'eb6db611-d763-438c-9246-7e6c1823f121','Cập nhật trạng thái hóa đơn','Tạo hóa đơn mới',1,'2025-04-19 08:52:48',NULL),('LS3d76b93c','HDb0ee41f6',NULL,'eb6db611-d763-438c-9246-7e6c1823f121','Cập nhật trạng thái hóa đơn','Cập nhật trạng thái: Đã xác nhận',2,'2025-04-04 17:12:11','2025-04-04 17:12:11'),('LS3e819150','7dd3be64',NULL,'eb6db611-d763-438c-9246-7e6c1823f121','Cập nhật hình thức','Hóa đơn được cập nhật thành \'tại quay\'',1,NULL,'2025-04-19 17:09:50'),('LS3ef18599','HDdaffa8f9',NULL,'eb6db611-d763-438c-9246-7e6c1823f121','Cập nhật trạng thái hóa đơn','Cập nhật trạng thái: Chờ xác nhận',1,'2025-04-03 19:52:23','2025-04-03 19:52:23'),('LS3f227b86','374df497',NULL,'eb6db611-d763-438c-9246-7e6c1823f121','Cập nhật số lượng sản phẩm','Cập nhật số lượng sản phẩm Sản phẩm 4 (Màu: Hồng, Size: L) từ 1 thành 2',1,'2025-04-18 10:59:59',NULL),('LS3f24c92e','374df497',NULL,'eb6db611-d763-438c-9246-7e6c1823f121','Cập nhật số lượng sản phẩm','Cập nhật số lượng sản phẩm Sản phẩm 4 (Màu: Hồng, Size: L) từ 2 thành 1',1,'2025-04-18 10:09:07',NULL),('LS3f7b726a','HD0a4523df',NULL,'eb6db611-d763-438c-9246-7e6c1823f121','Thêm sản phẩm','Thêm sản phẩm Sản phẩm test (Màu: Hồng, Size: XXL) với số lượng 1, đơn giá 190,000 đ',1,'2025-04-03 17:54:08',NULL),('LS400f37cb','52db00c8',NULL,NULL,'Cập nhật thanh toán VNPAY','Thanh toán qua VNPAY thành công: 40.000 ₫',5,'2025-04-17 15:53:11',NULL),('LS405a9996','HD05f827a7',NULL,'eb6db611-d763-438c-9246-7e6c1823f121','Cập nhật hình thức','Hóa đơn được cập nhật thành \'giao hàng\'',1,NULL,'2025-04-08 13:38:01'),('LS406747c0','c9183b91',NULL,'eb6db611-d763-438c-9246-7e6c1823f121','Cập nhật hình thức','Hóa đơn được cập nhật thành \'giao hàng\'',1,NULL,'2025-04-18 15:57:55'),('LS40cfa241','HDaf109366',NULL,'eb6db611-d763-438c-9246-7e6c1823f121','Cập nhật hình thức','Hóa đơn được cập nhật thành \'tại quay\'',1,NULL,'2025-04-09 09:51:38'),('LS40ed84bd','HD642ee239',NULL,'eb6db611-d763-438c-9246-7e6c1823f121','Cập nhật trạng thái hóa đơn','Chuyển trạng thái: Hoàn thành',5,'2025-04-10 06:34:50',NULL),('LS410aa124','7dd3be64',NULL,'eb6db611-d763-438c-9246-7e6c1823f121','Cập nhật hình thức','Hóa đơn được cập nhật thành \'giao hàng\'',1,NULL,'2025-04-19 17:32:15'),('LS411bf967','HD519f8a17',NULL,'eb6db611-d763-438c-9246-7e6c1823f121','Thêm sản phẩm','Thêm sản phẩm Sản phẩm test (Màu: Hồng, Size: L) với số lượng 1, đơn giá 200,000 đ',1,'2025-04-10 06:40:09',NULL),('LS4177b1e1','HD05f827a7',NULL,'eb6db611-d763-438c-9246-7e6c1823f121','Cập nhật hình thức','Hóa đơn được cập nhật thành \'giao hàng\'',1,NULL,'2025-04-08 13:38:13'),('LS41b891bd','HD01606d03',NULL,'eb6db611-d763-438c-9246-7e6c1823f121','Cập nhật trạng thái hóa đơn','Cập nhật trạng thái: Chờ giao hàng',3,'2025-04-11 19:56:38','2025-04-11 19:56:38'),('LS422abad6','HD9c62d1df',NULL,'eb6db611-d763-438c-9246-7e6c1823f121','Cập nhật trạng thái hóa đơn','Cập nhật trạng thái: Đã xác nhận',2,'2025-04-04 07:43:18','2025-04-04 07:43:18'),('LS424801c3','502c6a0e',NULL,'eb6db611-d763-438c-9246-7e6c1823f121','Thêm sản phẩm','Thêm sản phẩm Sản phẩm 4 (Màu: Hồng, Size: L) với số lượng 1, đơn giá 40,000 đ',1,'2025-04-19 19:36:46',NULL),('LS425d8617','7dd3be64',NULL,'eb6db611-d763-438c-9246-7e6c1823f121','Cập nhật hình thức','Hóa đơn được cập nhật thành \'giao hàng\'',1,NULL,'2025-04-19 17:02:45'),('LS426e86b1','374df497',NULL,'eb6db611-d763-438c-9246-7e6c1823f121','Cập nhật số lượng sản phẩm','Cập nhật số lượng sản phẩm Sản phẩm 4 (Màu: Hồng, Size: L) từ 3 thành 4',1,'2025-04-18 11:01:00',NULL),('LS428ebc72','7dd3be64',NULL,'eb6db611-d763-438c-9246-7e6c1823f121','Cập nhật hình thức','Hóa đơn được cập nhật thành \'giao hàng\'',1,NULL,'2025-04-19 17:57:34'),('LS42b44d65','c9183b91',NULL,'eb6db611-d763-438c-9246-7e6c1823f121','Cập nhật hình thức','Hóa đơn được cập nhật thành \'giao hàng\'',1,NULL,'2025-04-18 16:00:35'),('LS42db8b1d','HD519f8a17',NULL,'eb6db611-d763-438c-9246-7e6c1823f121','Thanh toán phụ phí','Thanh toán phụ phí 22.500 ₫ - Thanh toán bổ sung khi xác nhận đơn hàng',1,'2025-04-10 06:48:11',NULL),('LS42ec75b2','39cc6594',NULL,'eb6db611-d763-438c-9246-7e6c1823f121','Thêm sản phẩm','Thêm sản phẩm Sản phẩm test (Màu: Hồng, Size: L) với số lượng 1, đơn giá 200,000 đ',1,'2025-04-17 03:29:53',NULL),('LS43e9e962','HD9c62d1df',NULL,'eb6db611-d763-438c-9246-7e6c1823f121','Áp dụng voucher','Áp dụng voucher PGG-030F126D giảm 2,132 đ cho hóa đơn',1,'2025-04-04 07:43:07',NULL),('LS440f9a19','7dd3be64',NULL,'eb6db611-d763-438c-9246-7e6c1823f121','Thêm sản phẩm','Thêm sản phẩm Sản phẩm 4 (Màu: Xanh lá, Size: L) với số lượng 1, đơn giá 200,000 đ',1,'2025-04-19 18:34:05',NULL),('LS449f48a9','c9183b91',NULL,'eb6db611-d763-438c-9246-7e6c1823f121','Cập nhật hình thức','Hóa đơn được cập nhật thành \'tại quay\'',1,NULL,'2025-04-18 15:55:33'),('LS44ea20da','HD2e448207',NULL,'eb6db611-d763-438c-9246-7e6c1823f121','Cập nhật thông tin người nhận','Cập nhật thông tin người nhận: Khách hàng lẻ, SĐT: 0388888888',1,NULL,'2025-03-28 14:21:11'),('LS44ff6be4','HDa96829a3',NULL,'eb6db611-d763-438c-9246-7e6c1823f121','Áp dụng voucher','Áp dụng voucher PG001 giảm 82,200 đ cho hóa đơn',1,'2025-04-06 09:56:12',NULL),('LS4509b51d','7f11126a',NULL,'eb6db611-d763-438c-9246-7e6c1823f121','Thêm sản phẩm','Thêm sản phẩm Sản phẩm 4 (Màu: Hồng, Size: L) với số lượng 1, đơn giá 40,000 đ',1,'2025-04-17 03:46:05',NULL),('LS45659379','HDb0ee41f6',NULL,'eb6db611-d763-438c-9246-7e6c1823f121','Thêm sản phẩm','Đã thêm sản phẩm: Sản phẩm test (1)',1,'2025-04-04 15:07:39',NULL),('LS45f94ec7','HD3f7f95a5',NULL,'eb6db611-d763-438c-9246-7e6c1823f121','Xóa sản phẩm','Xóa sản phẩm Sản phẩm 1 (Màu: Xanh lá, Size: XXL) - Số lượng: 1, Đơn giá: 200,000 đ',1,'2025-04-11 19:54:26',NULL),('LS4664e6c5','HDc86bfeb2',NULL,'eb6db611-d763-438c-9246-7e6c1823f121','Thanh toán phụ phí','Thanh toán phụ phí 1.094.369 ₫ - Thanh toán bổ sung khi xác nhận đơn hàng',1,'2025-04-08 15:07:52',NULL),('LS4671506d','HDdaffa8f9',NULL,'eb6db611-d763-438c-9246-7e6c1823f121','Thanh toán bổ sung','Thanh toán bổ sung 200.000 ₫',1,'2025-04-03 18:18:11',NULL),('LS46e5f4e1','7dd3be64',NULL,'eb6db611-d763-438c-9246-7e6c1823f121','Cập nhật hình thức','Hóa đơn được cập nhật thành \'tại quay\'',1,NULL,'2025-04-19 17:02:47'),('LS46ec1980','HD01606d03',NULL,'eb6db611-d763-438c-9246-7e6c1823f121','Điều chỉnh thanh toán','Điều chỉnh thanh toán sau khi hoàn thành đơn hàng: giảm từ 251.501 ₫ xuống 31.501 ₫',5,'2025-04-11 19:56:44',NULL),('LS46feea21','c9183b91',NULL,'eb6db611-d763-438c-9246-7e6c1823f121','Cập nhật hình thức','Hóa đơn được cập nhật thành \'giao hàng\'',1,NULL,'2025-04-18 15:57:59'),('LS4742485f','HD519f8a17',NULL,'eb6db611-d763-438c-9246-7e6c1823f121','Thanh toán phụ phí','Thanh toán phụ phí 220.000 ₫ - Thanh toán bổ sung khi xác nhận đơn hàng',1,'2025-04-10 06:37:03',NULL),('LS4749774a','HDf2b92245',NULL,'eb6db611-d763-438c-9246-7e6c1823f121','Cập nhật trạng thái hóa đơn','Cập nhật trạng thái: Đã xác nhận',2,'2025-04-04 07:57:14','2025-04-04 07:57:14'),('LS48557a52','HDb0ee41f6',NULL,'eb6db611-d763-438c-9246-7e6c1823f121','Hoàn tiền','Hoàn tiền thừa 657.880 ₫ cho khách hàng',1,'2025-04-04 15:09:52',NULL),('LS4874a7aa','HDdaffa8f9',NULL,'eb6db611-d763-438c-9246-7e6c1823f121','Cập nhật trạng thái hóa đơn','Cập nhật trạng thái: Đã xác nhận',2,'2025-04-03 18:16:06','2025-04-03 18:16:06'),('LS488717ab','HDf51574d6',NULL,'eb6db611-d763-438c-9246-7e6c1823f121','Thanh toán phụ phí','Thanh toán phụ phí 200.000 ₫ - Thanh toán bổ sung khi xác nhận đơn hàng',1,'2025-04-11 08:53:40',NULL),('LS48afc8b4','c9183b91',NULL,'eb6db611-d763-438c-9246-7e6c1823f121','Cập nhật hình thức','Hóa đơn được cập nhật thành \'tại quay\'',1,NULL,'2025-04-18 15:21:22'),('LS48c0236c','64fdb5fc',NULL,'eb6db611-d763-438c-9246-7e6c1823f121','Cập nhật trạng thái hóa đơn','Tạo hóa đơn mới',1,'2025-04-19 16:52:30',NULL),('LS48cab2f5','HDdaffa8f9',NULL,'eb6db611-d763-438c-9246-7e6c1823f121','Xóa voucher','Đã xóa voucher tên Phiếu giảm giá cho thinh22 với mã PGG-030F126D (giảm 2,132 đ) khỏi hóa đơn',1,'2025-04-03 19:55:55',NULL),('LS4903cb12','7dd3be64',NULL,'eb6db611-d763-438c-9246-7e6c1823f121','Cập nhật hình thức','Hóa đơn được cập nhật thành \'giao hàng\'',1,NULL,'2025-04-19 17:05:57'),('LS492a5b9b','HD9c62d1df',NULL,'eb6db611-d763-438c-9246-7e6c1823f121','Cập nhật trạng thái hóa đơn','Tạo hóa đơn mới',1,'2025-04-04 07:40:37',NULL),('LS4998c48a','HDc1e8ad2e',NULL,'eb6db611-d763-438c-9246-7e6c1823f121','Cập nhật trạng thái hóa đơn','Cập nhật trạng thái: Đã xác nhận',2,'2025-04-11 10:42:30','2025-04-11 10:42:30'),('LS49f6ddfb','c9183b91',NULL,'eb6db611-d763-438c-9246-7e6c1823f121','Cập nhật hình thức','Hóa đơn được cập nhật thành \'giao hàng\'',1,NULL,'2025-04-18 15:39:31'),('LS4a00bbd5','374df497',NULL,'eb6db611-d763-438c-9246-7e6c1823f121','Cập nhật số lượng sản phẩm','Cập nhật số lượng sản phẩm Sản phẩm 4 (Màu: Hồng, Size: L) từ 1 thành 2',1,'2025-04-18 10:21:20',NULL),('LS4a86fc1b','HDb0ee41f6',NULL,'eb6db611-d763-438c-9246-7e6c1823f121','Cập nhật số lượng sản phẩm','Cập nhật số lượng sản phẩm Sản phẩm test (Màu: Hồng, Size: XXL) từ 1 thành 2',1,'2025-04-04 13:09:56',NULL),('LS4acbf2b9','c9183b91',NULL,'eb6db611-d763-438c-9246-7e6c1823f121','Cập nhật hình thức','Hóa đơn được cập nhật thành \'tại quay\'',1,NULL,'2025-04-19 05:29:38'),('LS4af4f6a3','7dd3be64',NULL,'eb6db611-d763-438c-9246-7e6c1823f121','Cập nhật hình thức','Hóa đơn được cập nhật thành \'giao hàng\'',1,NULL,'2025-04-19 17:06:00'),('LS4b2a9b13','64ce7ebf-3149-462e-b199-f8ea168ed615',NULL,'eb6db611-d763-438c-9246-7e6c1823f121','Cập nhật trạng thái hóa đơn','Tạo hóa đơn mới',1,'2025-04-16 15:35:10',NULL),('LS4b3bc30c','HD2e448207',NULL,'eb6db611-d763-438c-9246-7e6c1823f121','Cập nhật thông tin người nhận','Cập nhật thông tin người nhận: Khách hàng lẻ, SĐT: 0388888888',1,NULL,'2025-03-28 11:24:49'),('LS4ba7d626','7dd3be64',NULL,'eb6db611-d763-438c-9246-7e6c1823f121','Thêm nhiều sản phẩm','Thêm 3 sản phẩm vào đơn hàng',1,'2025-04-19 18:35:50',NULL),('LS4bd546c2','77cb7dcb',NULL,'eb6db611-d763-438c-9246-7e6c1823f121','Xóa voucher','Đã xóa voucher tên Phiếu giảm giá cho huy với mã PGG-B5C1035C (giảm 33,600 đ) khỏi hóa đơn',1,'2025-04-19 08:58:07',NULL),('LS4bd64d35','374df497',NULL,'eb6db611-d763-438c-9246-7e6c1823f121','Cập nhật số lượng sản phẩm','Cập nhật số lượng sản phẩm Sản phẩm 4 (Màu: Hồng, Size: L) từ 1 thành 2',1,'2025-04-18 09:53:32',NULL),('LS4bff5efd','HDdaffa8f9',NULL,'eb6db611-d763-438c-9246-7e6c1823f121','Cập nhật trạng thái hóa đơn','Cập nhật trạng thái: Đã xác nhận',2,'2025-04-03 19:51:59','2025-04-03 19:51:59'),('LS4c08d965','HDdaffa8f9',NULL,'eb6db611-d763-438c-9246-7e6c1823f121','Thêm sản phẩm','Thêm sản phẩm Sản phẩm 1 (Màu: Đỏ, Size: L) với số lượng 1, đơn giá 200,000 đ',1,'2025-04-03 18:14:23',NULL),('LS4c0912b4','546485e8',NULL,'eb6db611-d763-438c-9246-7e6c1823f121','Thêm nhiều sản phẩm','Thêm 2 sản phẩm vào đơn hàng',1,'2025-04-19 11:30:28',NULL),('LS4c0f46fe','374df497',NULL,'eb6db611-d763-438c-9246-7e6c1823f121','Cập nhật số lượng sản phẩm','Cập nhật số lượng sản phẩm Sản phẩm 4 (Màu: Hồng, Size: L) từ 1 thành 2',1,'2025-04-18 10:21:37',NULL),('LS4c3a0513','HDf2b92245',NULL,'eb6db611-d763-438c-9246-7e6c1823f121','Thanh toán hóa đơn','Thanh toán hóa đơn 2.000 ₫',1,'2025-04-04 07:57:14',NULL),('LS4c97a33b','677ddbfc-4547-4fcc-a808-096ba1fa5af8',NULL,'eb6db611-d763-438c-9246-7e6c1823f121','Cập nhật trạng thái hóa đơn','Tạo hóa đơn mới',1,'2025-04-16 14:40:59',NULL),('LS4cd0659a','HD2e448207',NULL,'eb6db611-d763-438c-9246-7e6c1823f121','Cập nhật thông tin người nhận','Cập nhật thông tin người nhận: Khách hàng lẻ, SĐT: null',NULL,NULL,'2025-03-29 15:51:23'),('LS4cf1a065','HD0a4523df',NULL,'eb6db611-d763-438c-9246-7e6c1823f121','Cập nhật trạng thái hóa đơn','Cập nhật trạng thái: Hoàn thành',5,'2025-04-03 17:55:37','2025-04-03 17:55:37'),('LS4d46dd90','HD519f8a17',NULL,'eb6db611-d763-438c-9246-7e6c1823f121','Thêm sản phẩm','Đã thêm sản phẩm: Sản phẩm test (1)',1,'2025-04-10 06:35:41',NULL),('LS4d934c1c','7dd3be64',NULL,'eb6db611-d763-438c-9246-7e6c1823f121','Cập nhật hình thức','Hóa đơn được cập nhật thành \'giao hàng\'',1,NULL,'2025-04-19 17:12:57'),('LS4daa8034','c9183b91',NULL,'eb6db611-d763-438c-9246-7e6c1823f121','Cập nhật hình thức','Hóa đơn được cập nhật thành \'giao hàng\'',1,NULL,'2025-04-18 15:55:26'),('LS4e170f09','7dd3be64',NULL,'eb6db611-d763-438c-9246-7e6c1823f121','Cập nhật hình thức','Hóa đơn được cập nhật thành \'giao hàng\'',1,NULL,'2025-04-19 17:02:48'),('LS4e2eeef5','7dd3be64',NULL,'eb6db611-d763-438c-9246-7e6c1823f121','Cập nhật hình thức','Hóa đơn được cập nhật thành \'tại quay\'',1,NULL,'2025-04-19 17:10:15'),('LS4e3177ea','7dd3be64',NULL,'eb6db611-d763-438c-9246-7e6c1823f121','Cập nhật hình thức','Hóa đơn được cập nhật thành \'tại quay\'',1,NULL,'2025-04-19 17:09:30'),('LS4e6356cf','HDa96829a3',NULL,'eb6db611-d763-438c-9246-7e6c1823f121','Thêm sản phẩm','Đã thêm sản phẩm: Sản phẩm test (1)',1,'2025-04-06 09:53:57',NULL),('LS4ed8a0db','HD519f8a17',NULL,'eb6db611-d763-438c-9246-7e6c1823f121','Cập nhật trạng thái hóa đơn','Cập nhật trạng thái: Đã xác nhận',2,'2025-04-10 06:36:43','2025-04-10 06:36:43'),('LS4ef94244','7dd3be64',NULL,'eb6db611-d763-438c-9246-7e6c1823f121','Thêm nhiều sản phẩm','Thêm 8 sản phẩm vào đơn hàng',1,'2025-04-19 18:34:06',NULL),('LS4f3fbb6c','77cb7dcb',NULL,'eb6db611-d763-438c-9246-7e6c1823f121','Cập nhật trạng thái hóa đơn','Chuyển trạng thái: Đã xác nhận',2,'2025-04-19 08:58:32',NULL),('LS5186eba2','HD95aaeb8b',NULL,'eb6db611-d763-438c-9246-7e6c1823f121','Cập nhật trạng thái hóa đơn','Chuyển sang trạng thái Chờ giao hàng',3,NULL,'2025-04-01 18:25:49'),('LS51a52ced','677ddbfc-4547-4fcc-a808-096ba1fa5af8',NULL,'eb6db611-d763-438c-9246-7e6c1823f121','Thêm nhiều sản phẩm','Thêm 3 sản phẩm vào đơn hàng',1,'2025-04-16 14:42:04',NULL),('LS5210f3a4','7dd3be64',NULL,'eb6db611-d763-438c-9246-7e6c1823f121','Cập nhật hình thức','Hóa đơn được cập nhật thành \'tại quay\'',1,NULL,'2025-04-19 17:12:57'),('LS52355d0e','481c74ab',NULL,'eb6db611-d763-438c-9246-7e6c1823f121','Cập nhật số lượng sản phẩm','Cập nhật số lượng sản phẩm Sản phẩm test (Màu: Hồng, Size: L) từ 3 thành 2',1,'2025-04-18 11:06:14',NULL),('LS52760902','39cc6594',NULL,'eb6db611-d763-438c-9246-7e6c1823f121','Cập nhật trạng thái hóa đơn','Tạo hóa đơn mới',1,'2025-04-17 03:29:47',NULL),('LS528b25fe','HDf51574d6',NULL,'eb6db611-d763-438c-9246-7e6c1823f121','Cập nhật trạng thái hóa đơn','Cập nhật trạng thái: Đã xác nhận',2,'2025-04-11 08:53:49','2025-04-11 08:53:49'),('LS52b88a75','c9183b91',NULL,'eb6db611-d763-438c-9246-7e6c1823f121','Cập nhật hình thức','Hóa đơn được cập nhật thành \'tại quay\'',1,NULL,'2025-04-18 15:22:54'),('LS532d43ee','HDc86bfeb2',NULL,'eb6db611-d763-438c-9246-7e6c1823f121','Cập nhật hình thức','Hóa đơn được cập nhật thành \'tại quay\'',1,NULL,'2025-04-08 13:55:37'),('LS535e8e5f','HD2bca696f',NULL,'eb6db611-d763-438c-9246-7e6c1823f121','Cập nhật trạng thái hóa đơn','Cập nhật trạng thái: Đã xác nhận',2,'2025-04-04 10:26:39','2025-04-04 10:26:39'),('LS537bfd34','HDa96829a3',NULL,'eb6db611-d763-438c-9246-7e6c1823f121','Áp dụng voucher','Áp dụng voucher PG001 giảm 82,200 đ cho hóa đơn',1,'2025-04-06 09:56:46',NULL),('LS53a04c8d','c9183b91',NULL,'eb6db611-d763-438c-9246-7e6c1823f121','Cập nhật hình thức','Hóa đơn được cập nhật thành \'tại quay\'',1,NULL,'2025-04-18 15:57:43'),('LS53d28e55','64ce7ebf-3149-462e-b199-f8ea168ed615',NULL,'eb6db611-d763-438c-9246-7e6c1823f121','Thêm sản phẩm','Thêm sản phẩm Sản phẩm test (Màu: Hồng, Size: L) với số lượng 1, đơn giá 200,000 đ',1,'2025-04-16 15:35:18',NULL),('LS53e13fff','HDc86bfeb2',NULL,'eb6db611-d763-438c-9246-7e6c1823f121','Xóa voucher','Đã xóa voucher tên Phiếu giảm giá cho thinh22 với mã PGG-030F126D (giảm 2,132 đ) khỏi hóa đơn',1,'2025-04-08 14:13:40',NULL),('LS549f7e72','HDd818c613',NULL,'eb6db611-d763-438c-9246-7e6c1823f121','Thêm sản phẩm','Đã thêm sản phẩm: Sản phẩm test (1)',1,'2025-04-08 13:11:19',NULL),('LS54a6716c','546485e8',NULL,'eb6db611-d763-438c-9246-7e6c1823f121','Thêm sản phẩm','Thêm sản phẩm Sản phẩm 4 (Màu: Hồng, Size: XL) với số lượng 1, đơn giá 1,000 đ',1,'2025-04-19 11:30:01',NULL),('LS550984b5','c9183b91',NULL,'eb6db611-d763-438c-9246-7e6c1823f121','Cập nhật hình thức','Hóa đơn được cập nhật thành \'giao hàng\'',1,NULL,'2025-04-18 15:55:45'),('LS551fa703','7f11126a',NULL,'eb6db611-d763-438c-9246-7e6c1823f121','Thêm sản phẩm','Thêm sản phẩm Sản phẩm 1 (Màu: Xanh lá, Size: XXL) với số lượng 1, đơn giá 200,000 đ',1,'2025-04-17 03:46:05',NULL),('LS55eecc2b','HDb0ee41f6',NULL,'eb6db611-d763-438c-9246-7e6c1823f121','Thêm sản phẩm','Thêm sản phẩm Sản phẩm test (Màu: Hồng, Size: L) với số lượng 1, đơn giá 200,000 đ',1,'2025-04-04 15:59:26',NULL),('LS562d9245','2294890a',NULL,'eb6db611-d763-438c-9246-7e6c1823f121','Xác nhận thanh toán tự động','Tự động xác nhận thanh toán 40.000 ₫ qua Chuyển khoản ngân hàng khi đơn hàng được xác nhận',2,'2025-04-17 03:45:44',NULL),('LS567075b4','7dd3be64',NULL,'eb6db611-d763-438c-9246-7e6c1823f121','Cập nhật hình thức','Hóa đơn được cập nhật thành \'giao hàng\'',1,NULL,'2025-04-19 17:12:29'),('LS56c6d3ad','HDb0ee41f6',NULL,'eb6db611-d763-438c-9246-7e6c1823f121','Thêm sản phẩm','Thêm sản phẩm Sản phẩm test (Màu: Hồng, Size: XXL) với số lượng 1, đơn giá 220,000 đ',1,'2025-04-04 15:51:41',NULL),('LS56d6c0b2','HDb0ee41f6',NULL,'eb6db611-d763-438c-9246-7e6c1823f121','Cập nhật trạng thái hóa đơn','Cập nhật trạng thái: Chờ xác nhận',1,'2025-04-04 17:45:12','2025-04-04 17:45:12'),('LS57a83173','HD2bca696f',NULL,'eb6db611-d763-438c-9246-7e6c1823f121','Cập nhật trạng thái hóa đơn','Cập nhật trạng thái: Đã xác nhận',2,'2025-04-04 09:01:23','2025-04-04 09:01:23'),('LS57f49bc8','7dd3be64',NULL,'eb6db611-d763-438c-9246-7e6c1823f121','Cập nhật hình thức','Hóa đơn được cập nhật thành \'tại quay\'',1,NULL,'2025-04-19 18:22:24'),('LS58ceb7b7','77cb7dcb',NULL,'eb6db611-d763-438c-9246-7e6c1823f121','Xóa sản phẩm','Xóa sản phẩm Sản phẩm test (Màu: Hồng, Size: L) - Số lượng: 1, Đơn giá: 200,000 đ',1,'2025-04-19 08:57:59',NULL),('LS59116296','HD519f8a17',NULL,'eb6db611-d763-438c-9246-7e6c1823f121','Cập nhật trạng thái hóa đơn','Chuyển trạng thái: Đã xác nhận',2,'2025-04-10 06:36:01',NULL),('LS5963a7cc','HD519f8a17',NULL,'eb6db611-d763-438c-9246-7e6c1823f121','Thêm sản phẩm','Thêm sản phẩm Sản phẩm 6 (Màu: Đỏ, Size: XXL) với số lượng 1, đơn giá 10,000,000 đ',1,'2025-04-10 07:02:46',NULL),('LS596c45e4','374df497',NULL,'eb6db611-d763-438c-9246-7e6c1823f121','Cập nhật số lượng sản phẩm','Cập nhật số lượng sản phẩm Sản phẩm 4 (Màu: Hồng, Size: L) từ 2 thành 1',1,'2025-04-18 10:46:09',NULL),('LS598040ac','HD25506ef0',NULL,'eb6db611-d763-438c-9246-7e6c1823f121','Cập nhật trạng thái hóa đơn','Cập nhật trạng thái: Chờ xác nhận',1,'2025-04-04 17:47:45','2025-04-04 17:47:45'),('LS5a0d0e87','HD8e41158c',NULL,'eb6db611-d763-438c-9246-7e6c1823f121','Cập nhật trạng thái hóa đơn','Chuyển sang trạng thái Chờ xác nhận',1,NULL,'2025-04-01 16:38:40'),('LS5aa7adf2','7dd3be64',NULL,'eb6db611-d763-438c-9246-7e6c1823f121','Thêm sản phẩm','Thêm sản phẩm Sản phẩm 4 (Màu: Xanh lá, Size: L) với số lượng 1, đơn giá 200,000 đ',1,'2025-04-19 18:35:59',NULL),('LS5ac1d51e','HDb0ee41f6',NULL,'eb6db611-d763-438c-9246-7e6c1823f121','Cập nhật trạng thái hóa đơn','Cập nhật trạng thái: Chờ xác nhận',1,'2025-04-04 15:29:25','2025-04-04 15:29:25'),('LS5aea4683','HD95aaeb8b',NULL,'eb6db611-d763-438c-9246-7e6c1823f121','Cập nhật trạng thái hóa đơn','Tạo hóa đơn mới',1,'2025-04-01 17:50:54',NULL),('LS5c3b3881','c9183b91',NULL,'eb6db611-d763-438c-9246-7e6c1823f121','Cập nhật hình thức','Hóa đơn được cập nhật thành \'tại quay\'',1,NULL,'2025-04-18 16:00:34'),('LS5c4866c0','HD25506ef0',NULL,'eb6db611-d763-438c-9246-7e6c1823f121','Cập nhật trạng thái hóa đơn','Cập nhật trạng thái: Đã xác nhận',2,'2025-04-04 17:49:32','2025-04-04 17:49:32'),('LS5c705902','HD0a4523df',NULL,'eb6db611-d763-438c-9246-7e6c1823f121','Xóa sản phẩm','Xóa sản phẩm Sản phẩm 4 (Màu: Hồng, Size: L) - Số lượng: 1, Đơn giá: 2,000 đ',1,'2025-04-03 17:53:47',NULL),('LS5c9137a2','HD2bca696f',NULL,'eb6db611-d763-438c-9246-7e6c1823f121','Cập nhật trạng thái hóa đơn','Cập nhật trạng thái: Đã xác nhận',2,'2025-04-04 09:01:21','2025-04-04 09:01:21'),('LS5cd59600','HDc86bfeb2',NULL,'eb6db611-d763-438c-9246-7e6c1823f121','Tự động áp dụng voucher','Tự động áp dụng voucher tốt nhất PGG-030F126D: 12% (tối đa 2,132 đ), giảm 2,132 đ',1,'2025-04-08 14:13:39',NULL),('LS5d129820','677ddbfc-4547-4fcc-a808-096ba1fa5af8',NULL,'eb6db611-d763-438c-9246-7e6c1823f121','Thêm sản phẩm','Thêm sản phẩm Sản phẩm 1 (Màu: Xanh lá, Size: XXL) với số lượng 1, đơn giá 200,000 đ',1,'2025-04-16 14:42:04',NULL),('LS5d51bdbc','HDc86bfeb2',NULL,'eb6db611-d763-438c-9246-7e6c1823f121','Thanh toán phụ phí','Thanh toán phụ phí 1.094.369 ₫ - Thanh toán bổ sung khi xác nhận đơn hàng',1,'2025-04-08 14:48:53',NULL),('LS5d625d8d','546485e8',NULL,'eb6db611-d763-438c-9246-7e6c1823f121','Thêm sản phẩm','Thêm sản phẩm Sản phẩm test (Màu: Hồng, Size: L) với số lượng 1, đơn giá 200,000 đ',1,'2025-04-19 11:31:00',NULL),('LS5eaf0dc6','7dd3be64',NULL,'eb6db611-d763-438c-9246-7e6c1823f121','Thêm sản phẩm','Thêm sản phẩm Sản phẩm 5 (Màu: Xanh lá, Size: XXL) với số lượng 1, đơn giá 2,002,000 đ',1,'2025-04-19 18:35:59',NULL),('LS5f40ecc7','HDc1e8ad2e',NULL,'eb6db611-d763-438c-9246-7e6c1823f121','Cập nhật hình thức','Hóa đơn được cập nhật thành \'tại quay\'',1,NULL,'2025-04-11 10:42:03'),('LS5f826f50','c9183b91',NULL,'eb6db611-d763-438c-9246-7e6c1823f121','Cập nhật hình thức','Hóa đơn được cập nhật thành \'giao hàng\'',1,NULL,'2025-04-18 15:10:18'),('LS5faf3b55','HDaf109366',NULL,'eb6db611-d763-438c-9246-7e6c1823f121','Hủy hóa đơn','Hóa đơn bị hủy: Không có lý do',6,'2025-04-10 06:34:22',NULL),('LS600eb90f','374df497',NULL,'eb6db611-d763-438c-9246-7e6c1823f121','Cập nhật số lượng sản phẩm','Cập nhật số lượng sản phẩm Sản phẩm 4 (Màu: Hồng, Size: L) từ 2 thành 1',1,'2025-04-18 10:21:40',NULL),('LS602a15dd','7dd3be64',NULL,'eb6db611-d763-438c-9246-7e6c1823f121','Cập nhật hình thức','Hóa đơn được cập nhật thành \'giao hàng\'',1,NULL,'2025-04-19 18:27:09'),('LS604008ab','502c6a0e',NULL,NULL,'Xác nhận thanh toán VNPAY','Thanh toán qua VNPAY thành công số tiền: 440.000 ₫',5,'2025-04-19 19:38:00',NULL),('LS6066bea7','HD01606d03',NULL,'eb6db611-d763-438c-9246-7e6c1823f121','Cập nhật trạng thái hóa đơn','Cập nhật trạng thái: Chờ xác nhận',1,'2025-04-11 19:56:27','2025-04-11 19:56:27'),('LS614cb45a','502c6a0e',NULL,'eb6db611-d763-438c-9246-7e6c1823f121','Thêm sản phẩm','Thêm sản phẩm Sản phẩm 1 (Màu: Xanh lá, Size: XXL) với số lượng 1, đơn giá 200,000 đ',1,'2025-04-19 19:36:46',NULL),('LS6180c70e','7dd3be64',NULL,'eb6db611-d763-438c-9246-7e6c1823f121','Thêm sản phẩm','Thêm sản phẩm Sản phẩm 1 (Màu: Xanh lá, Size: XXL) với số lượng 1, đơn giá 200,000 đ',1,'2025-04-19 18:35:50',NULL),('LS620591e2','546485e8',NULL,'eb6db611-d763-438c-9246-7e6c1823f121','Cập nhật số lượng sản phẩm','Cập nhật số lượng sản phẩm Sản phẩm 4 (Màu: Hồng, Size: L) từ 3 thành 2',1,'2025-04-19 11:30:46',NULL),('LS620e9635','c9183b91',NULL,'eb6db611-d763-438c-9246-7e6c1823f121','Cập nhật hình thức','Hóa đơn được cập nhật thành \'tại quay\'',1,NULL,'2025-04-18 15:57:59'),('LS62669526','HD2bca696f',NULL,'eb6db611-d763-438c-9246-7e6c1823f121','Cập nhật trạng thái hóa đơn','Cập nhật trạng thái: Đã xác nhận',2,'2025-04-04 09:04:09','2025-04-04 09:04:09'),('LS6268d397','ab0849aa',NULL,'eb6db611-d763-438c-9246-7e6c1823f121','Thêm sản phẩm','Thêm sản phẩm Sản phẩm 4 (Màu: Hồng, Size: L) với số lượng 1, đơn giá 40,000 đ',1,'2025-04-19 08:55:32',NULL),('LS62789a4e','HDdaffa8f9',NULL,'eb6db611-d763-438c-9246-7e6c1823f121','Cập nhật trạng thái hóa đơn','Cập nhật trạng thái: Đã xác nhận',2,'2025-04-03 18:52:26','2025-04-03 18:52:26'),('LS62823680','59dd7242',NULL,'eb6db611-d763-438c-9246-7e6c1823f121','Cập nhật số lượng sản phẩm','Cập nhật số lượng sản phẩm Sản phẩm 4 (Màu: Hồng, Size: L) từ 1 thành 2',1,'2025-04-18 12:19:52',NULL),('LS62bca657','c9183b91',NULL,'eb6db611-d763-438c-9246-7e6c1823f121','Cập nhật hình thức','Hóa đơn được cập nhật thành \'giao hàng\'',1,NULL,'2025-04-18 15:55:35'),('LS63675586','HD3f7f95a5',NULL,'eb6db611-d763-438c-9246-7e6c1823f121','Thêm sản phẩm','Đã thêm sản phẩm: Sản phẩm 1 (1)',1,'2025-04-11 19:46:55',NULL),('LS6376be14','HDdaffa8f9',NULL,'eb6db611-d763-438c-9246-7e6c1823f121','Cập nhật trạng thái hóa đơn','Cập nhật trạng thái: Chờ xác nhận',1,'2025-04-03 18:54:11','2025-04-03 18:54:11'),('LS63b98108','HD0a4523df',NULL,'eb6db611-d763-438c-9246-7e6c1823f121','Thêm sản phẩm','Thêm sản phẩm Sản phẩm 1 (Màu: Xanh lá, Size: XXL) với số lượng 1, đơn giá 200,000 đ',1,'2025-04-03 17:17:02',NULL),('LS63c63ebc','HD519f8a17',NULL,'eb6db611-d763-438c-9246-7e6c1823f121','Thêm sản phẩm','Thêm sản phẩm Sản phẩm test (Màu: Hồng, Size: XXL) với số lượng 1, đơn giá 220,000 đ',1,'2025-04-11 19:43:49',NULL),('LS641e0f25','HDa96829a3',NULL,'eb6db611-d763-438c-9246-7e6c1823f121','Cập nhật trạng thái hóa đơn','Tạo hóa đơn mới',1,'2025-04-06 09:53:51',NULL),('LS647c278f','HD2bca696f',NULL,'eb6db611-d763-438c-9246-7e6c1823f121','Cập nhật trạng thái hóa đơn','Cập nhật trạng thái: Chờ giao hàng',3,'2025-04-04 09:01:32','2025-04-04 09:01:32'),('LS64ae5dad','HD3f7f95a5',NULL,'eb6db611-d763-438c-9246-7e6c1823f121','Cập nhật trạng thái hóa đơn','Tạo hóa đơn mới',1,'2025-04-11 19:46:30',NULL),('LS65416bdd','c9183b91',NULL,'eb6db611-d763-438c-9246-7e6c1823f121','Cập nhật hình thức','Hóa đơn được cập nhật thành \'giao hàng\'',1,NULL,'2025-04-18 15:57:39'),('LS655b36c5','HD4e65d2d1',NULL,'eb6db611-d763-438c-9246-7e6c1823f121','Áp dụng voucher','Áp dụng voucher PGG-C5BD7FBF giảm 2,400,000 đ cho hóa đơn',1,'2025-04-10 07:08:25',NULL),('LS66027243','HD9c62d1df',NULL,'eb6db611-d763-438c-9246-7e6c1823f121','Cập nhật trạng thái hóa đơn','Cập nhật trạng thái: Đã xác nhận',2,'2025-04-04 07:41:05','2025-04-04 07:41:05'),('LS660a73a7','64ce7ebf-3149-462e-b199-f8ea168ed615',NULL,'eb6db611-d763-438c-9246-7e6c1823f121','Thêm sản phẩm','Thêm sản phẩm Sản phẩm 4 (Màu: Hồng, Size: L) với số lượng 1, đơn giá 40,000 đ',1,'2025-04-16 15:35:18',NULL),('LS6628d3ac','HD519f8a17',NULL,'eb6db611-d763-438c-9246-7e6c1823f121','Thêm sản phẩm','Thêm sản phẩm Sản phẩm 4 (Màu: Hồng, Size: L) với số lượng 1, đơn giá 2,000 đ',1,'2025-04-10 06:40:16',NULL),('LS664e2a78','HD519f8a17',NULL,'eb6db611-d763-438c-9246-7e6c1823f121','Cập nhật thông tin người nhận','Cập nhật thông tin người nhận: Khách hàng lẻ, Địa chỉ: 13010, 3440, 201, SĐT: ',1,NULL,'2025-04-10 06:45:25'),('LS66a4dacf','HD2e448207',NULL,'eb6db611-d763-438c-9246-7e6c1823f121','Cập nhật thông tin người nhận','Cập nhật thông tin người nhận: Khách hàng lẻ, SĐT: null',1,NULL,'2025-03-29 15:29:50'),('LS6819f999','HDc86bfeb2',NULL,'eb6db611-d763-438c-9246-7e6c1823f121','Cập nhật trạng thái hóa đơn','Tạo hóa đơn mới',1,'2025-04-08 13:50:57',NULL),('LS6864b90a','HD0a4523df',NULL,'eb6db611-d763-438c-9246-7e6c1823f121','Xóa sản phẩm','Xóa sản phẩm Sản phẩm test (Màu: Hồng, Size: XXL) - Số lượng: 1, Đơn giá: 190,000 đ',1,'2025-04-03 17:53:55',NULL),('LS686bdf01','7dd3be64',NULL,'eb6db611-d763-438c-9246-7e6c1823f121','Xóa sản phẩm','Xóa sản phẩm Sản phẩm 4 (Màu: Đỏ, Size: L) - Số lượng: 1, Đơn giá: 200,000 đ',1,'2025-04-19 18:35:42',NULL),('LS68c5d214','77cb7dcb',NULL,'eb6db611-d763-438c-9246-7e6c1823f121','Xóa sản phẩm','Xóa sản phẩm Sản phẩm 6 (Màu: Đỏ, Size: XXL) - Số lượng: 1, Đơn giá: 10,000,000 đ',1,'2025-04-19 08:57:56',NULL),('LS68f39304','HDdaffa8f9',NULL,'eb6db611-d763-438c-9246-7e6c1823f121','Cập nhật trạng thái hóa đơn','Cập nhật trạng thái: Đang giao',4,'2025-04-04 07:40:14','2025-04-04 07:40:14'),('LS69f01579','HDc1e8ad2e',NULL,'eb6db611-d763-438c-9246-7e6c1823f121','Thêm sản phẩm','Đã thêm sản phẩm: Sản phẩm 4 (1)',1,'2025-04-11 10:41:49',NULL),('LS6a8e0e2e','HDf51574d6',NULL,'eb6db611-d763-438c-9246-7e6c1823f121','Cập nhật số lượng sản phẩm','Cập nhật số lượng sản phẩm Sản phẩm test (Màu: Hồng, Size: L) từ 11 thành 10',1,'2025-04-11 08:54:04',NULL),('LS6aac514b','HD0a4523df',NULL,'eb6db611-d763-438c-9246-7e6c1823f121','Cập nhật trạng thái hóa đơn','Cập nhật trạng thái: Chờ xác nhận',1,'2025-04-03 17:16:47','2025-04-03 17:16:47'),('LS6abe6b0a','546485e8',NULL,'eb6db611-d763-438c-9246-7e6c1823f121','Thêm nhiều sản phẩm','Thêm 3 sản phẩm vào đơn hàng',1,'2025-04-19 11:30:01',NULL),('LS6b0ab9a2','c9183b91',NULL,'eb6db611-d763-438c-9246-7e6c1823f121','Cập nhật hình thức','Hóa đơn được cập nhật thành \'giao hàng\'',1,NULL,'2025-04-18 15:57:29'),('LS6b3f1815','c9183b91',NULL,'eb6db611-d763-438c-9246-7e6c1823f121','Cập nhật hình thức','Hóa đơn được cập nhật thành \'tại quay\'',1,NULL,'2025-04-18 15:58:01'),('LS6b663648','HDc86bfeb2',NULL,'eb6db611-d763-438c-9246-7e6c1823f121','Thêm sản phẩm','Đã thêm sản phẩm: Sản phẩm test (1)',1,'2025-04-08 13:52:42',NULL),('LS6b911613','481c74ab',NULL,'eb6db611-d763-438c-9246-7e6c1823f121','Điều chỉnh thanh toán','Điều chỉnh thanh toán sau khi hoàn thành đơn hàng: giảm từ 200.000 ₫ xuống 0 ₫',5,'2025-04-18 11:51:23',NULL),('LS6c121a00','HDdaffa8f9',NULL,'eb6db611-d763-438c-9246-7e6c1823f121','Cập nhật trạng thái hóa đơn','Cập nhật trạng thái: Hoàn thành',5,'2025-04-04 07:40:24','2025-04-04 07:40:24'),('LS6c450b10','677ddbfc-4547-4fcc-a808-096ba1fa5af8',NULL,NULL,'Cập nhật thanh toán VNPAY','Thanh toán qua VNPAY thành công: 239.985 ₫',5,'2025-04-16 14:56:03',NULL),('LS6c76db49','HD0cd25c35',NULL,'eb6db611-d763-438c-9246-7e6c1823f121','Hủy hóa đơn','Hóa đơn bị hủy: Không có lý do',6,'2025-04-06 14:56:16',NULL),('LS6c83f598','c9183b91',NULL,'eb6db611-d763-438c-9246-7e6c1823f121','Cập nhật hình thức','Hóa đơn được cập nhật thành \'tại quay\'',1,NULL,'2025-04-18 15:33:16'),('LS6cc2b688','c9183b91',NULL,'eb6db611-d763-438c-9246-7e6c1823f121','Cập nhật hình thức','Hóa đơn được cập nhật thành \'giao hàng\'',1,NULL,'2025-04-18 15:57:58'),('LS6d4e1bfd','HD25506ef0',NULL,'eb6db611-d763-438c-9246-7e6c1823f121','Cập nhật trạng thái hóa đơn','Cập nhật trạng thái: Hoàn thành',5,'2025-04-04 17:49:43','2025-04-04 17:49:43'),('LS6d81f247','HD2bca696f',NULL,'eb6db611-d763-438c-9246-7e6c1823f121','Cập nhật trạng thái hóa đơn','Cập nhật trạng thái: Đã xác nhận',2,'2025-04-04 07:58:42','2025-04-04 07:58:42'),('LS6d944d7f','HD519f8a17',NULL,'eb6db611-d763-438c-9246-7e6c1823f121','Cập nhật số lượng sản phẩm','Cập nhật số lượng sản phẩm Sản phẩm 4 (Màu: Hồng, Size: L) từ 1 thành 2',1,'2025-04-10 06:43:52',NULL),('LS6dd73f49','c9183b91',NULL,'eb6db611-d763-438c-9246-7e6c1823f121','Cập nhật hình thức','Hóa đơn được cập nhật thành \'giao hàng\'',1,NULL,'2025-04-18 15:57:43'),('LS6e0269ff','64fdb5fc',NULL,'eb6db611-d763-438c-9246-7e6c1823f121','Thêm sản phẩm','Thêm sản phẩm Sản phẩm 4 (Màu: Hồng, Size: L) với số lượng 10, đơn giá 40,000 đ',1,'2025-04-19 16:52:40',NULL),('LS6e23e30e','HDb0ee41f6',NULL,'eb6db611-d763-438c-9246-7e6c1823f121','Hoàn tiền','Hoàn tiền thừa 2.120 ₫ cho khách hàng',1,'2025-04-04 15:10:25',NULL),('LS6ec11347','HD01606d03',NULL,'eb6db611-d763-438c-9246-7e6c1823f121','Cập nhật số lượng sản phẩm','Cập nhật số lượng sản phẩm Sản phẩm test (Màu: Hồng, Size: XXL) từ 2 thành 1',1,'2025-04-11 19:56:29',NULL),('LS6ecff804','HD8e41158c',NULL,'eb6db611-d763-438c-9246-7e6c1823f121','Cập nhật trạng thái hóa đơn','Chuyển sang trạng thái Đã xác nhận',2,NULL,'2025-04-01 16:52:08'),('LS6f2001f9','HD1400166c',NULL,'eb6db611-d763-438c-9246-7e6c1823f121','Áp dụng voucher','Áp dụng voucher PGG-030F126D giảm 2,132 đ cho hóa đơn',1,'2025-04-04 13:11:27',NULL),('LS6f4ad0af','7dd3be64',NULL,'eb6db611-d763-438c-9246-7e6c1823f121','Xóa sản phẩm','Xóa sản phẩm Sản phẩm test (Màu: Hồng, Size: L) - Số lượng: 1, Đơn giá: 200,000 đ',1,'2025-04-19 18:35:41',NULL),('LS70001c7c','HD1400166c',NULL,'eb6db611-d763-438c-9246-7e6c1823f121','Cập nhật trạng thái hóa đơn','Cập nhật trạng thái: Chờ xác nhận',1,'2025-04-04 13:11:58','2025-04-04 13:11:58'),('LS703378d4','4eb43f58',NULL,'eb6db611-d763-438c-9246-7e6c1823f121','Cập nhật trạng thái hóa đơn','Tạo hóa đơn mới',1,'2025-04-19 16:56:33',NULL),('LS704d7a92','HDb0ee41f6',NULL,'eb6db611-d763-438c-9246-7e6c1823f121','Cập nhật trạng thái hóa đơn','Cập nhật trạng thái: Đã xác nhận',2,'2025-04-04 15:51:53','2025-04-04 15:51:53'),('LS7054480f','HD25506ef0',NULL,'eb6db611-d763-438c-9246-7e6c1823f121','Cập nhật trạng thái hóa đơn','Tạo hóa đơn mới',1,'2025-04-04 17:46:00',NULL),('LS70913bb4','HD1400166c',NULL,'eb6db611-d763-438c-9246-7e6c1823f121','Cập nhật trạng thái hóa đơn','Cập nhật trạng thái: Chờ xác nhận',1,'2025-04-04 13:15:31','2025-04-04 13:15:31'),('LS71179246','481c74ab',NULL,'eb6db611-d763-438c-9246-7e6c1823f121','Cập nhật trạng thái hóa đơn','Cập nhật trạng thái: Hoàn thành',5,'2025-04-18 11:51:23','2025-04-18 11:51:23'),('LS716dcd38','HD01606d03',NULL,'eb6db611-d763-438c-9246-7e6c1823f121','Cập nhật trạng thái hóa đơn','Cập nhật trạng thái: Đã xác nhận',2,'2025-04-11 19:56:11','2025-04-11 19:56:11'),('LS7217cebb','fd7560da',NULL,'eb6db611-d763-438c-9246-7e6c1823f121','Thêm sản phẩm','Thêm sản phẩm Sản phẩm 4 (Màu: Hồng, Size: L) với số lượng 1, đơn giá 40,000 đ',1,'2025-04-19 16:31:44',NULL),('LS7269df15','HD3f7f95a5',NULL,'eb6db611-d763-438c-9246-7e6c1823f121','Hoàn tiền','Hoàn tiền thừa 200.000 ₫ cho khách hàng: Hoàn tiền thừa sau khi thay đổi sản phẩm trong đơn hàng',2,'2025-04-11 19:54:47',NULL),('LS7348ae79','HDc86bfeb2',NULL,'eb6db611-d763-438c-9246-7e6c1823f121','Cập nhật số lượng sản phẩm','Cập nhật số lượng sản phẩm Sản phẩm test (Màu: Hồng, Size: XXL) từ 1 thành 2',1,'2025-04-08 14:13:05',NULL),('LS73864ceb','HD4e65d2d1',NULL,'eb6db611-d763-438c-9246-7e6c1823f121','Hoàn tiền','Hoàn tiền thừa 9.780.000 ₫ cho khách hàng: Điều chỉnh thanh toán sau khi hoàn thành đơn hàng',5,'2025-04-11 10:11:12',NULL),('LS739c0f28','HDa96829a3',NULL,'eb6db611-d763-438c-9246-7e6c1823f121','Thêm sản phẩm','Đã thêm sản phẩm: Sản phẩm 1 (1)',1,'2025-04-06 09:54:02',NULL),('LS73d2fee4','HD25506ef0',NULL,'eb6db611-d763-438c-9246-7e6c1823f121','Xóa sản phẩm','Xóa sản phẩm Sản phẩm test (Màu: Hồng, Size: L) - Số lượng: 1, Đơn giá: 200,000 đ',1,'2025-04-04 17:48:59',NULL),('LS7415809e','HDdaffa8f9',NULL,'eb6db611-d763-438c-9246-7e6c1823f121','Cập nhật trạng thái hóa đơn','Cập nhật trạng thái: Đã xác nhận',2,'2025-04-03 19:55:01','2025-04-03 19:55:01'),('LS7494f7d3','ab0849aa',NULL,'eb6db611-d763-438c-9246-7e6c1823f121','Cập nhật trạng thái hóa đơn','Chuyển trạng thái: Hoàn thành',5,'2025-04-19 08:56:20',NULL),('LS75132a90','HD2e448207',NULL,'eb6db611-d763-438c-9246-7e6c1823f121','Áp dụng voucher','Áp dụng voucher PG001 giảm 64,000 đ cho hóa đơn',1,'2025-04-01 16:24:44',NULL),('LS75c2e408','HD2e448207',NULL,'eb6db611-d763-438c-9246-7e6c1823f121','Cập nhật trạng thái hóa đơn','Chuyển sang trạng thái Đã xác nhận',2,'2025-03-28 19:17:25','2025-03-28 19:17:25'),('LS768e86b8','374df497',NULL,'eb6db611-d763-438c-9246-7e6c1823f121','Cập nhật trạng thái hóa đơn','Cập nhật trạng thái: Chờ xác nhận',1,'2025-04-18 10:09:04','2025-04-18 10:09:04'),('LS770cda05','374df497',NULL,'eb6db611-d763-438c-9246-7e6c1823f121','Cập nhật trạng thái hóa đơn','Cập nhật trạng thái: Đã xác nhận',2,'2025-04-18 10:08:48','2025-04-18 10:08:48'),('LS770d3fb3','178390f6-fddc-4fbf-bbbd-23fd0fd221ff',NULL,'eb6db611-d763-438c-9246-7e6c1823f121','Thêm sản phẩm','Thêm sản phẩm Sản phẩm 4 (Màu: Hồng, Size: L) với số lượng 1, đơn giá 40,000 đ',1,'2025-04-16 16:00:02',NULL),('LS77911897','7dd3be64',NULL,'eb6db611-d763-438c-9246-7e6c1823f121','Cập nhật hình thức','Hóa đơn được cập nhật thành \'tại quay\'',1,NULL,'2025-04-19 17:06:27'),('LS779250af','HDdaffa8f9',NULL,'eb6db611-d763-438c-9246-7e6c1823f121','Cập nhật trạng thái hóa đơn','Cập nhật trạng thái: Đã xác nhận',2,'2025-04-03 18:53:35','2025-04-03 18:53:35'),('LS78065ebc','546485e8',NULL,'eb6db611-d763-438c-9246-7e6c1823f121','Thêm sản phẩm','Thêm sản phẩm Sản phẩm 4 (Màu: Xanh lá, Size: L) với số lượng 1, đơn giá 200,000 đ',1,'2025-04-19 11:34:10',NULL),('LS783cbf25','HDf51574d6',NULL,'eb6db611-d763-438c-9246-7e6c1823f121','Cập nhật trạng thái hóa đơn','Cập nhật trạng thái: Đã xác nhận',2,'2025-04-11 08:54:10','2025-04-11 08:54:10'),('LS78e37e53','77cb7dcb',NULL,'eb6db611-d763-438c-9246-7e6c1823f121','Thêm sản phẩm','Thêm sản phẩm Sản phẩm 1 (Màu: Xanh lá, Size: XXL) với số lượng 1, đơn giá 200,000 đ',1,'2025-04-19 08:53:04',NULL),('LS79fa9e3f','HD9f08dcfc',NULL,'eb6db611-d763-438c-9246-7e6c1823f121','Thanh toán phụ phí','Thanh toán phụ phí 420.000 ₫ - Thanh toán khi xác nhận đơn hàng',1,'2025-04-11 09:04:14',NULL),('LS7a0ec84e','HD0a4523df',NULL,'eb6db611-d763-438c-9246-7e6c1823f121','Thêm sản phẩm','Thêm sản phẩm Sản phẩm 1 (Màu: Đỏ, Size: L) với số lượng 1, đơn giá 200,000 đ',1,'2025-04-03 17:17:02',NULL),('LS7a53c0d2','7f11126a',NULL,'eb6db611-d763-438c-9246-7e6c1823f121','Cập nhật trạng thái hóa đơn','Tạo hóa đơn mới',1,'2025-04-17 03:46:00',NULL),('LS7a6f71bf','HDdaffa8f9',NULL,'eb6db611-d763-438c-9246-7e6c1823f121','Cập nhật trạng thái hóa đơn','Cập nhật trạng thái: Chờ giao hàng',3,'2025-04-03 21:35:33','2025-04-03 21:35:33'),('LS7b1ab69a','HDdaffa8f9',NULL,'eb6db611-d763-438c-9246-7e6c1823f121','Cập nhật trạng thái hóa đơn','Cập nhật trạng thái: Chờ xác nhận',1,'2025-04-03 18:17:32','2025-04-03 18:17:32'),('LS7b853457','HDc86bfeb2',NULL,'eb6db611-d763-438c-9246-7e6c1823f121','Thanh toán phụ phí','Thanh toán phụ phí 1.094.369 ₫ - Thanh toán bổ sung khi xác nhận đơn hàng',1,'2025-04-08 14:28:54',NULL),('LS7b91b598','502c6a0e',NULL,'eb6db611-d763-438c-9246-7e6c1823f121','Cập nhật trạng thái hóa đơn','Tạo hóa đơn mới',1,'2025-04-19 19:36:40',NULL),('LS7bb0aaa3','HD519f8a17',NULL,'eb6db611-d763-438c-9246-7e6c1823f121','Áp dụng voucher','Áp dụng voucher PGG-C5BD7FBF giảm 2,428,800 đ cho hóa đơn',1,'2025-04-10 07:03:30',NULL),('LS7bc8ee3f','HD4e65d2d1',NULL,'eb6db611-d763-438c-9246-7e6c1823f121','Cập nhật trạng thái hóa đơn','Cập nhật trạng thái: Đã xác nhận',2,'2025-04-11 10:11:01','2025-04-11 10:11:01'),('LS7bed76c8','677ddbfc-4547-4fcc-a808-096ba1fa5af8',NULL,'eb6db611-d763-438c-9246-7e6c1823f121','Thêm sản phẩm','Thêm sản phẩm Sản phẩm test (Màu: Hồng, Size: L) với số lượng 1, đơn giá 200,000 đ',1,'2025-04-16 14:42:03',NULL),('LS7c479a8b','c9183b91',NULL,'eb6db611-d763-438c-9246-7e6c1823f121','Hủy hóa đơn','Hóa đơn bị hủy: Không có lý do',6,'2025-04-19 06:09:09',NULL),('LS7c8deeb4','HD642ee239',NULL,'eb6db611-d763-438c-9246-7e6c1823f121','Cập nhật hình thức','Hóa đơn được cập nhật thành \'tại quay\'',1,NULL,'2025-04-10 06:34:34'),('LS7ce0e6c0','HD2bca696f',NULL,'eb6db611-d763-438c-9246-7e6c1823f121','Cập nhật trạng thái hóa đơn','Cập nhật trạng thái: Chờ giao hàng',3,'2025-04-04 08:32:40','2025-04-04 08:32:40'),('LS7d6a4031','HD9f08dcfc',NULL,'eb6db611-d763-438c-9246-7e6c1823f121','Cập nhật hình thức','Hóa đơn được cập nhật thành \'tại quay\'',1,NULL,'2025-04-11 09:03:49'),('LS7d7f863a','e6c499e3',NULL,NULL,'Cập nhật thanh toán VNPAY','Thanh toán qua VNPAY thành công: 40.000 ₫',1,'2025-04-19 06:10:13',NULL),('LS7d81a50e','HD25506ef0',NULL,'eb6db611-d763-438c-9246-7e6c1823f121','Áp dụng voucher','Áp dụng voucher PGG-030F126D giảm 2,132 đ cho hóa đơn',1,'2025-04-04 17:47:59',NULL),('LS7dd2eb2f','HDb0ee41f6',NULL,'eb6db611-d763-438c-9246-7e6c1823f121','Cập nhật trạng thái hóa đơn','Cập nhật trạng thái: Đã xác nhận',2,'2025-04-04 15:28:57','2025-04-04 15:28:57'),('LS7df638f4','481c74ab',NULL,'eb6db611-d763-438c-9246-7e6c1823f121','Thanh toán phụ phí','Thanh toán phụ phí 200.000 ₫ - Thanh toán bổ sung khi xác nhận đơn hàng',1,'2025-04-18 11:05:33',NULL),('LS7e34ea29','HD519f8a17',NULL,'eb6db611-d763-438c-9246-7e6c1823f121','Xóa sản phẩm','Xóa sản phẩm Sản phẩm test (Màu: Hồng, Size: XXL) - Số lượng: 1, Đơn giá: 200,000 đ',1,'2025-04-10 06:43:12',NULL),('LS7e353766','546485e8',NULL,'eb6db611-d763-438c-9246-7e6c1823f121','Thêm sản phẩm','Thêm sản phẩm Sản phẩm 4 (Màu: Hồng, Size: L) với số lượng 1, đơn giá 40,000 đ',1,'2025-04-19 11:29:19',NULL),('LS7e4ef0a8','HD519f8a17',NULL,'eb6db611-d763-438c-9246-7e6c1823f121','Cập nhật trạng thái hóa đơn','Tạo hóa đơn mới',1,'2025-04-10 06:35:35',NULL),('LS7eaac67f','HDd818c613',NULL,'eb6db611-d763-438c-9246-7e6c1823f121','Hủy hóa đơn','Hóa đơn bị hủy: Không có lý do',6,'2025-04-08 13:51:03',NULL),('LS7ebd81b4','HD3f7f95a5',NULL,'eb6db611-d763-438c-9246-7e6c1823f121','Cập nhật số lượng sản phẩm','Cập nhật số lượng sản phẩm Sản phẩm test (Màu: Hồng, Size: XXL) từ 2 thành 3',1,'2025-04-11 19:48:41',NULL),('LS7ede36e3','HD1400166c',NULL,'eb6db611-d763-438c-9246-7e6c1823f121','Cập nhật trạng thái hóa đơn','Cập nhật trạng thái: Chờ xác nhận',1,'2025-04-04 15:05:07','2025-04-04 15:05:07'),('LS7ee817ed','HD0a4523df',NULL,'eb6db611-d763-438c-9246-7e6c1823f121','Cập nhật trạng thái hóa đơn','Cập nhật trạng thái: Đã xác nhận',2,'2025-04-03 17:54:41','2025-04-03 17:54:41'),('LS7ef507e1','HD519f8a17',NULL,'eb6db611-d763-438c-9246-7e6c1823f121','Cập nhật trạng thái hóa đơn','Cập nhật trạng thái: Đã xác nhận',2,'2025-04-11 19:44:50','2025-04-11 19:44:50'),('LS800ad067','77cb7dcb',NULL,'eb6db611-d763-438c-9246-7e6c1823f121','Xóa voucher','Đã xóa voucher tên phieu 2 với mã PGG-8B689EE0 (giảm 15 đ) khỏi hóa đơn',1,'2025-04-19 08:57:57',NULL),('LS804bea66','HD1400166c',NULL,'eb6db611-d763-438c-9246-7e6c1823f121','Thêm sản phẩm','Thêm sản phẩm Sản phẩm test (Màu: Hồng, Size: L) với số lượng 1, đơn giá 220,000 đ',1,'2025-04-04 13:01:48',NULL),('LS805bb5f8','HD2bca696f',NULL,'eb6db611-d763-438c-9246-7e6c1823f121','Cập nhật trạng thái hóa đơn','Cập nhật trạng thái: Đã xác nhận',2,'2025-04-04 07:59:05','2025-04-04 07:59:05'),('LS807e0a10','HDf51574d6',NULL,'eb6db611-d763-438c-9246-7e6c1823f121','Cập nhật trạng thái hóa đơn','Tạo hóa đơn mới',1,'2025-04-11 08:32:08',NULL),('LS80d4df06','HD2bca696f',NULL,'eb6db611-d763-438c-9246-7e6c1823f121','Cập nhật trạng thái hóa đơn','Cập nhật trạng thái: Chờ giao hàng',3,'2025-04-04 09:38:25','2025-04-04 09:38:25'),('LS81111bbb','7dd3be64',NULL,'eb6db611-d763-438c-9246-7e6c1823f121','Cập nhật hình thức','Hóa đơn được cập nhật thành \'giao hàng\'',1,NULL,'2025-04-19 17:31:42'),('LS8133f710','HDdaffa8f9',NULL,'eb6db611-d763-438c-9246-7e6c1823f121','Cập nhật trạng thái hóa đơn','Cập nhật trạng thái: Chờ giao hàng',3,'2025-04-03 21:46:57','2025-04-03 21:46:57'),('LS8170a0c5','HDd818c613',NULL,'eb6db611-d763-438c-9246-7e6c1823f121','Cập nhật trạng thái hóa đơn','Tạo hóa đơn mới',1,'2025-04-08 13:11:07',NULL),('LS820538b5','HDc86bfeb2',NULL,'eb6db611-d763-438c-9246-7e6c1823f121','Cập nhật số lượng sản phẩm','Cập nhật số lượng sản phẩm Sản phẩm test (Màu: Hồng, Size: XXL) từ 2 thành 3',1,'2025-04-08 14:14:15',NULL),('LS822a963a','HDaf109366',NULL,'eb6db611-d763-438c-9246-7e6c1823f121','Cập nhật trạng thái hóa đơn','Tạo hóa đơn mới',1,'2025-04-09 09:51:22',NULL),('LS825e9e4d','HD0a4523df',NULL,'eb6db611-d763-438c-9246-7e6c1823f121','Xóa sản phẩm','Xóa sản phẩm Sản phẩm 1 (Màu: Xanh lá, Size: XXL) - Số lượng: 1, Đơn giá: 200,000 đ',1,'2025-04-03 17:53:49',NULL),('LS826dfa07','HDc1e8ad2e',NULL,'eb6db611-d763-438c-9246-7e6c1823f121','Điều chỉnh thanh toán','Điều chỉnh thanh toán sau khi hoàn thành đơn hàng: giảm từ 660.000 ₫ xuống 620.000 ₫',5,'2025-04-11 10:42:33',NULL),('LS82efdce9','HDf2b92245',NULL,'eb6db611-d763-438c-9246-7e6c1823f121','Cập nhật trạng thái hóa đơn','Cập nhật trạng thái: Hoàn thành',5,'2025-04-04 07:57:27','2025-04-04 07:57:27'),('LS8308272f','c9183b91',NULL,'eb6db611-d763-438c-9246-7e6c1823f121','Cập nhật hình thức','Hóa đơn được cập nhật thành \'tại quay\'',1,NULL,'2025-04-18 15:55:32'),('LS83bcdb6d','7dd3be64',NULL,'eb6db611-d763-438c-9246-7e6c1823f121','Thêm sản phẩm','Thêm sản phẩm Sản phẩm test (Màu: Hồng, Size: L) với số lượng 1, đơn giá 200,000 đ',1,'2025-04-19 18:34:06',NULL),('LS83ccb2a0','HDb0ee41f6',NULL,'eb6db611-d763-438c-9246-7e6c1823f121','Cập nhật trạng thái hóa đơn','Cập nhật trạng thái: Đã xác nhận',2,'2025-04-04 17:11:25','2025-04-04 17:11:25'),('LS8428adb5','0f2a8737',NULL,'eb6db611-d763-438c-9246-7e6c1823f121','Cập nhật trạng thái hóa đơn','Tạo hóa đơn mới',1,'2025-04-18 12:20:56',NULL),('LS846f0fde','7dd3be64',NULL,'eb6db611-d763-438c-9246-7e6c1823f121','Cập nhật hình thức','Hóa đơn được cập nhật thành \'tại quay\'',1,NULL,'2025-04-19 17:06:00'),('LS84cf5ea4','7f11126a',NULL,'eb6db611-d763-438c-9246-7e6c1823f121','Thêm nhiều sản phẩm','Thêm 3 sản phẩm vào đơn hàng',1,'2025-04-17 03:46:05',NULL),('LS8580ecb3','59dd7242',NULL,'eb6db611-d763-438c-9246-7e6c1823f121','Cập nhật trạng thái hóa đơn','Tạo hóa đơn mới',1,'2025-04-18 12:19:38',NULL),('LS85b9e621','HD9f08dcfc',NULL,'eb6db611-d763-438c-9246-7e6c1823f121','Xóa sản phẩm','Xóa sản phẩm Sản phẩm test (Màu: Hồng, Size: L) - Số lượng: 1, Đơn giá: 200,000 đ',1,'2025-04-11 09:04:21',NULL),('LS85fae0ff','HD95aaeb8b',NULL,'eb6db611-d763-438c-9246-7e6c1823f121','Cập nhật trạng thái hóa đơn','Chuyển trạng thái: Đã xác nhận',2,'2025-04-01 18:25:06',NULL),('LS860799f7','c9183b91',NULL,'eb6db611-d763-438c-9246-7e6c1823f121','Cập nhật hình thức','Hóa đơn được cập nhật thành \'giao hàng\'',1,NULL,'2025-04-18 15:22:52'),('LS87034b1b','7dd3be64',NULL,'eb6db611-d763-438c-9246-7e6c1823f121','Cập nhật hình thức','Hóa đơn được cập nhật thành \'tại quay\'',1,NULL,'2025-04-19 17:10:04'),('LS873cb873','7dd3be64',NULL,'eb6db611-d763-438c-9246-7e6c1823f121','Cập nhật hình thức','Hóa đơn được cập nhật thành \'giao hàng\'',1,NULL,'2025-04-19 17:06:15'),('LS8791d6dc','7dd3be64',NULL,'eb6db611-d763-438c-9246-7e6c1823f121','Cập nhật hình thức','Hóa đơn được cập nhật thành \'giao hàng\'',1,NULL,'2025-04-19 17:05:54'),('LS879fb010','502c6a0e',NULL,'eb6db611-d763-438c-9246-7e6c1823f121','Thêm nhiều sản phẩm','Thêm 3 sản phẩm vào đơn hàng',1,'2025-04-19 19:36:47',NULL),('LS88343acf','7dd3be64',NULL,'eb6db611-d763-438c-9246-7e6c1823f121','Cập nhật hình thức','Hóa đơn được cập nhật thành \'giao hàng\'',1,NULL,'2025-04-19 18:10:28'),('LS8882bd70','c9183b91',NULL,'eb6db611-d763-438c-9246-7e6c1823f121','Cập nhật hình thức','Hóa đơn được cập nhật thành \'giao hàng\'',1,NULL,'2025-04-18 15:22:55'),('LS88ad376e','c9183b91',NULL,'eb6db611-d763-438c-9246-7e6c1823f121','Cập nhật hình thức','Hóa đơn được cập nhật thành \'tại quay\'',1,NULL,'2025-04-18 15:57:34'),('LS8950ef70','HD8e41158c',NULL,'eb6db611-d763-438c-9246-7e6c1823f121','Cập nhật số lượng sản phẩm','Cập nhật số lượng sản phẩm Sản phẩm test (Màu: Hồng, Size: L) từ 2 thành 25',1,'2025-04-01 17:03:12',NULL),('LS8999850a','c9183b91',NULL,'eb6db611-d763-438c-9246-7e6c1823f121','Cập nhật hình thức','Hóa đơn được cập nhật thành \'tại quay\'',1,NULL,'2025-04-18 15:57:39'),('LS89c7af92','8391b293',NULL,'eb6db611-d763-438c-9246-7e6c1823f121','Cập nhật hình thức','Hóa đơn được cập nhật thành \'giao hàng\'',1,NULL,'2025-04-19 05:31:35'),('LS8a6e7223','7dd3be64',NULL,'eb6db611-d763-438c-9246-7e6c1823f121','Cập nhật hình thức','Hóa đơn được cập nhật thành \'tại quay\'',1,NULL,'2025-04-19 17:05:56'),('LS8a6ff8d2','7dd3be64',NULL,'eb6db611-d763-438c-9246-7e6c1823f121','Cập nhật hình thức','Hóa đơn được cập nhật thành \'tại quay\'',1,NULL,'2025-04-19 17:05:26'),('LS8af66264','2294890a',NULL,'eb6db611-d763-438c-9246-7e6c1823f121','Cập nhật trạng thái hóa đơn','Cập nhật trạng thái: Đã xác nhận',2,'2025-04-17 03:45:44','2025-04-17 03:45:44'),('LS8b23d95c','HDc86bfeb2',NULL,'eb6db611-d763-438c-9246-7e6c1823f121','Xóa voucher','Đã xóa voucher tên Phiếu giảm giá cho thinh22 với mã PGG-030F126D (giảm 2,132 đ) khỏi hóa đơn',1,'2025-04-08 14:13:05',NULL),('LS8b7cb10f','7dd3be64',NULL,'eb6db611-d763-438c-9246-7e6c1823f121','Cập nhật trạng thái hóa đơn','Đã xác nhận thanh toán, chờ giao hàng',3,'2025-04-19 19:31:30',NULL),('LS8bcdfccc','7dd3be64',NULL,'eb6db611-d763-438c-9246-7e6c1823f121','Thêm nhiều sản phẩm','Thêm 5 sản phẩm vào đơn hàng',1,'2025-04-19 18:35:59',NULL),('LS8c1e9416','HD1400166c',NULL,'eb6db611-d763-438c-9246-7e6c1823f121','Cập nhật trạng thái hóa đơn','Cập nhật trạng thái: Đã xác nhận',2,'2025-04-04 13:11:44','2025-04-04 13:11:44'),('LS8c22f06a','374df497',NULL,'eb6db611-d763-438c-9246-7e6c1823f121','Thanh toán phụ phí','Thanh toán phụ phí 40.000 ₫ - Thanh toán khi xác nhận đơn hàng',1,'2025-04-18 09:52:08',NULL),('LS8c33f966','7dd3be64',NULL,'eb6db611-d763-438c-9246-7e6c1823f121','Cập nhật hình thức','Hóa đơn được cập nhật thành \'giao hàng\'',1,NULL,'2025-04-19 17:32:58'),('LS8c54b9a2','8391b293',NULL,'eb6db611-d763-438c-9246-7e6c1823f121','Hủy hóa đơn','Hóa đơn bị hủy: Không có lý do',6,'2025-04-19 06:09:11',NULL),('LS8cfe625e','2c6b4ee0',NULL,'eb6db611-d763-438c-9246-7e6c1823f121','Hủy hóa đơn','Hóa đơn bị hủy: Không có lý do',6,'2025-04-17 15:52:30',NULL),('LS8d0f3442','677ddbfc-4547-4fcc-a808-096ba1fa5af8',NULL,'eb6db611-d763-438c-9246-7e6c1823f121','Xóa sản phẩm','Xóa sản phẩm Sản phẩm 1 (Màu: Xanh lá, Size: XXL) - Số lượng: 1, Đơn giá: 200,000 đ',1,'2025-04-16 14:50:11',NULL),('LS8d72fc31','HD1400166c',NULL,'eb6db611-d763-438c-9246-7e6c1823f121','Cập nhật trạng thái hóa đơn','Cập nhật trạng thái: Chờ xác nhận',1,'2025-04-04 14:22:33','2025-04-04 14:22:33'),('LS8d9099c8','HD642ee239',NULL,'eb6db611-d763-438c-9246-7e6c1823f121','Cập nhật trạng thái hóa đơn','Chuyển trạng thái: Đã xác nhận',2,'2025-04-10 06:34:50',NULL),('LS8ea64389','HDa96829a3',NULL,'eb6db611-d763-438c-9246-7e6c1823f121','Áp dụng voucher','Áp dụng voucher PG001 giảm 82,200 đ cho hóa đơn',1,'2025-04-06 09:54:12',NULL),('LS8eb43129','7dd3be64',NULL,'eb6db611-d763-438c-9246-7e6c1823f121','Cập nhật hình thức','Hóa đơn được cập nhật thành \'giao hàng\'',1,NULL,'2025-04-19 17:05:27'),('LS8f1be80b','178390f6-fddc-4fbf-bbbd-23fd0fd221ff',NULL,'eb6db611-d763-438c-9246-7e6c1823f121','Thêm sản phẩm','Thêm sản phẩm Sản phẩm test (Màu: Hồng, Size: L) với số lượng 1, đơn giá 200,000 đ',1,'2025-04-16 16:00:02',NULL),('LS8f89e5e1','7dd3be64',NULL,'eb6db611-d763-438c-9246-7e6c1823f121','Thêm sản phẩm','Thêm sản phẩm Sản phẩm test (Màu: Hồng, Size: L) với số lượng 1, đơn giá 200,000 đ',1,'2025-04-19 18:35:50',NULL),('LS9019e4eb','HDdaffa8f9',NULL,'eb6db611-d763-438c-9246-7e6c1823f121','Cập nhật trạng thái hóa đơn','Cập nhật trạng thái: Chờ xác nhận',1,'2025-04-03 18:37:10','2025-04-03 18:37:10'),('LS90e180d7','HD1400166c',NULL,'eb6db611-d763-438c-9246-7e6c1823f121','Cập nhật trạng thái hóa đơn','Cập nhật trạng thái: Chờ xác nhận',1,'2025-04-04 14:16:26','2025-04-04 14:16:26'),('LS91185f27','HDdaffa8f9',NULL,'eb6db611-d763-438c-9246-7e6c1823f121','Cập nhật trạng thái hóa đơn','Cập nhật trạng thái: Chờ giao hàng',3,'2025-04-03 21:51:38','2025-04-03 21:51:38'),('LS919496bb','HDdaffa8f9',NULL,'eb6db611-d763-438c-9246-7e6c1823f121','Thanh toán bổ sung','Thanh toán bổ sung 2.000 ₫',1,'2025-04-03 19:55:01',NULL),('LS91b1cf17','7dd3be64',NULL,'eb6db611-d763-438c-9246-7e6c1823f121','Cập nhật hình thức','Hóa đơn được cập nhật thành \'tại quay\'',1,NULL,'2025-04-19 17:31:57'),('LS92383456','HDb0ee41f6',NULL,'eb6db611-d763-438c-9246-7e6c1823f121','Cập nhật trạng thái hóa đơn','Cập nhật trạng thái: Đã xác nhận',2,'2025-04-04 15:08:06','2025-04-04 15:08:06'),('LS93544c34','7dd3be64',NULL,'eb6db611-d763-438c-9246-7e6c1823f121','Cập nhật hình thức','Hóa đơn được cập nhật thành \'giao hàng\'',1,NULL,'2025-04-19 17:10:00'),('LS938fe234','HD1400166c',NULL,'eb6db611-d763-438c-9246-7e6c1823f121','Cập nhật trạng thái hóa đơn','Cập nhật trạng thái: Đã xác nhận',2,'2025-04-04 14:26:00','2025-04-04 14:26:00'),('LS93b9410e','HDf51574d6',NULL,'eb6db611-d763-438c-9246-7e6c1823f121','Hoàn tiền','Hoàn tiền thừa 200.000 ₫ cho khách hàng: Hoàn tiền thừa sau khi thay đổi sản phẩm trong đơn hàng',5,'2025-04-11 08:54:36',NULL),('LS93cecaba','178390f6-fddc-4fbf-bbbd-23fd0fd221ff',NULL,'eb6db611-d763-438c-9246-7e6c1823f121','Cập nhật trạng thái hóa đơn','Chuyển trạng thái: Hoàn thành',5,'2025-04-17 03:14:11',NULL),('LS941dfcc6','HDdaffa8f9',NULL,'eb6db611-d763-438c-9246-7e6c1823f121','Cập nhật trạng thái hóa đơn','Cập nhật trạng thái: Đang giao',4,'2025-04-03 22:07:57','2025-04-03 22:07:57'),('LS94266292','HD9c62d1df',NULL,'eb6db611-d763-438c-9246-7e6c1823f121','Cập nhật trạng thái hóa đơn','Cập nhật trạng thái: Chờ xác nhận',1,'2025-04-04 07:42:58','2025-04-04 07:42:58'),('LS943f54d7','HD1400166c',NULL,'eb6db611-d763-438c-9246-7e6c1823f121','Cập nhật trạng thái hóa đơn','Cập nhật trạng thái: Đã xác nhận',2,'2025-04-04 13:15:07','2025-04-04 13:15:07'),('LS9491c3b3','HD25506ef0',NULL,'eb6db611-d763-438c-9246-7e6c1823f121','Cập nhật trạng thái hóa đơn','Cập nhật trạng thái: Đã xác nhận',2,'2025-04-04 17:47:29','2025-04-04 17:47:29'),('LS949224d6','c9183b91',NULL,'eb6db611-d763-438c-9246-7e6c1823f121','Cập nhật hình thức','Hóa đơn được cập nhật thành \'tại quay\'',1,NULL,'2025-04-18 15:57:41'),('LS94a53aa4','8391b293',NULL,'eb6db611-d763-438c-9246-7e6c1823f121','Cập nhật trạng thái hóa đơn','Tạo hóa đơn mới',1,'2025-04-19 05:31:30',NULL),('LS94b85425','HDb0ee41f6',NULL,'eb6db611-d763-438c-9246-7e6c1823f121','Thanh toán bổ sung','Thanh toán bổ sung 260.000 ₫',1,'2025-04-04 15:08:56',NULL),('LS94ed881f','HD05f827a7',NULL,'eb6db611-d763-438c-9246-7e6c1823f121','Cập nhật hình thức','Hóa đơn được cập nhật thành \'tại quay\'',1,NULL,'2025-04-08 13:38:09'),('LS955e199e','7dd3be64',NULL,'eb6db611-d763-438c-9246-7e6c1823f121','Cập nhật hình thức','Hóa đơn được cập nhật thành \'giao hàng\'',1,NULL,'2025-04-19 17:57:41'),('LS959f54ca','HDf51574d6',NULL,'eb6db611-d763-438c-9246-7e6c1823f121','Cập nhật trạng thái hóa đơn','Cập nhật trạng thái: Hoàn thành',5,'2025-04-11 08:54:23','2025-04-11 08:54:23'),('LS95cc8e44','HD1400166c',NULL,'eb6db611-d763-438c-9246-7e6c1823f121','Cập nhật trạng thái hóa đơn','Cập nhật trạng thái: Chờ xác nhận',1,'2025-04-04 14:22:34','2025-04-04 14:22:34'),('LS95cd9b7c','HD3f7f95a5',NULL,'eb6db611-d763-438c-9246-7e6c1823f121','Thêm sản phẩm','Đã thêm sản phẩm: Sản phẩm test (1)',1,'2025-04-11 19:46:55',NULL),('LS960be9d4','374df497',NULL,'eb6db611-d763-438c-9246-7e6c1823f121','Cập nhật số lượng sản phẩm','Cập nhật số lượng sản phẩm Sản phẩm 4 (Màu: Hồng, Size: L) từ 1 thành 2',1,'2025-04-18 10:45:54',NULL),('LS961394c0','374df497',NULL,'eb6db611-d763-438c-9246-7e6c1823f121','Cập nhật số lượng sản phẩm','Cập nhật số lượng sản phẩm Sản phẩm 4 (Màu: Hồng, Size: L) từ 1 thành 2',1,'2025-04-18 10:48:47',NULL),('LS96282aa9','HD8e41158c',NULL,'eb6db611-d763-438c-9246-7e6c1823f121','Cập nhật trạng thái hóa đơn','Chuyển sang trạng thái Chờ xác nhận',1,NULL,'2025-04-01 17:02:50'),('LS964ca486','7dd3be64',NULL,'eb6db611-d763-438c-9246-7e6c1823f121','Thêm sản phẩm','Thêm sản phẩm Sản phẩm 4 (Màu: Đỏ, Size: L) với số lượng 1, đơn giá 200,000 đ',1,'2025-04-19 18:35:59',NULL),('LS96685d7d','7dd3be64',NULL,'eb6db611-d763-438c-9246-7e6c1823f121','Cập nhật hình thức','Hóa đơn được cập nhật thành \'giao hàng\'',1,NULL,'2025-04-19 17:04:31'),('LS96afc19e','7dd3be64',NULL,'eb6db611-d763-438c-9246-7e6c1823f121','Xóa sản phẩm','Xóa sản phẩm Sản phẩm 4 (Màu: Xanh lá, Size: L) - Số lượng: 1, Đơn giá: 200,000 đ',1,'2025-04-19 18:34:23',NULL),('LS96b0b9ce','e6c499e3',NULL,'eb6db611-d763-438c-9246-7e6c1823f121','Cập nhật trạng thái hóa đơn','Tạo hóa đơn mới',1,'2025-04-19 06:09:37',NULL),('LS96b49cf0','HD8e41158c',NULL,'eb6db611-d763-438c-9246-7e6c1823f121','Cập nhật trạng thái hóa đơn','Chuyển sang trạng thái Đã xác nhận',2,NULL,'2025-04-01 17:03:29'),('LS9731dd9a','HD519f8a17',NULL,'eb6db611-d763-438c-9246-7e6c1823f121','Xóa voucher','Đã xóa voucher tên phieu 1 với mã PGG-C5BD7FBF (giảm 2,428,800 đ) khỏi hóa đơn',1,'2025-04-10 07:03:45',NULL),('LS974b7322','77cb7dcb',NULL,'eb6db611-d763-438c-9246-7e6c1823f121','Thêm sản phẩm','Đã thêm sản phẩm: Sản phẩm 6 (1)',1,'2025-04-19 08:54:06',NULL),('LS9779afc2','c9183b91',NULL,'eb6db611-d763-438c-9246-7e6c1823f121','Cập nhật hình thức','Hóa đơn được cập nhật thành \'giao hàng\'',1,NULL,'2025-04-18 15:58:12'),('LS980d91ee','c9183b91',NULL,'eb6db611-d763-438c-9246-7e6c1823f121','Cập nhật hình thức','Hóa đơn được cập nhật thành \'giao hàng\'',1,NULL,'2025-04-18 15:55:37'),('LS981b08b7','HD0a4523df',NULL,'eb6db611-d763-438c-9246-7e6c1823f121','Xóa sản phẩm','Xóa sản phẩm Sản phẩm 1 (Màu: Đỏ, Size: L) - Số lượng: 1, Đơn giá: 200,000 đ',1,'2025-04-03 17:53:52',NULL),('LS981b2138','HDdaffa8f9',NULL,'eb6db611-d763-438c-9246-7e6c1823f121','Cập nhật trạng thái hóa đơn','Tạo hóa đơn mới',1,'2025-04-03 18:14:08',NULL),('LS99529697','7dd3be64',NULL,'eb6db611-d763-438c-9246-7e6c1823f121','Cập nhật hình thức','Hóa đơn được cập nhật thành \'giao hàng\'',1,NULL,'2025-04-19 17:06:28'),('LS99a35419','HDa96829a3',NULL,'eb6db611-d763-438c-9246-7e6c1823f121','Thanh toán hóa đơn','Thanh toán hóa đơn 739.800 ₫',1,'2025-04-06 09:54:48',NULL),('LS99a8e95a','HD01606d03',NULL,'eb6db611-d763-438c-9246-7e6c1823f121','Cập nhật trạng thái hóa đơn','Cập nhật trạng thái: Hoàn thành',5,'2025-04-11 19:56:44','2025-04-11 19:56:44'),('LS99bb621c','502c6a0e',NULL,'eb6db611-d763-438c-9246-7e6c1823f121','Cập nhật trạng thái hóa đơn','Hoàn thành hóa đơn sau thanh toán',5,'2025-04-19 19:38:00',NULL),('LS9a325ce9','c9183b91',NULL,'eb6db611-d763-438c-9246-7e6c1823f121','Thêm sản phẩm','Thêm sản phẩm Sản phẩm 4 (Màu: Hồng, Size: L) với số lượng 1, đơn giá 40,000 đ',1,'2025-04-19 05:29:49',NULL),('LS9a586099','HD4e65d2d1',NULL,'eb6db611-d763-438c-9246-7e6c1823f121','Cập nhật trạng thái hóa đơn','Cập nhật trạng thái: Hoàn thành',5,'2025-04-11 09:39:21','2025-04-11 09:39:21'),('LS9a5d15cd','HD8e41158c',NULL,'eb6db611-d763-438c-9246-7e6c1823f121','Cập nhật trạng thái hóa đơn','Chuyển sang trạng thái Đã xác nhận',2,NULL,'2025-04-01 16:53:41'),('LS9ad5a70f','481c74ab',NULL,'eb6db611-d763-438c-9246-7e6c1823f121','Cập nhật trạng thái hóa đơn','Tạo hóa đơn mới',1,'2025-04-18 11:03:29',NULL),('LS9bee1132','HD9c62d1df',NULL,'eb6db611-d763-438c-9246-7e6c1823f121','Thêm sản phẩm','Thêm sản phẩm Sản phẩm test (Màu: Hồng, Size: XXL) với số lượng 1, đơn giá 190,000 đ',1,'2025-04-04 07:43:03',NULL),('LS9bf63da5','7dd3be64',NULL,'eb6db611-d763-438c-9246-7e6c1823f121','Cập nhật hình thức','Hóa đơn được cập nhật thành \'giao hàng\'',1,NULL,'2025-04-19 17:09:35'),('LS9c1b9610','546485e8',NULL,'eb6db611-d763-438c-9246-7e6c1823f121','Thêm nhiều sản phẩm','Thêm 5 sản phẩm vào đơn hàng',1,'2025-04-19 11:34:11',NULL),('LS9c26a340','HD4e65d2d1',NULL,'eb6db611-d763-438c-9246-7e6c1823f121','Cập nhật số lượng sản phẩm','Cập nhật số lượng sản phẩm Sản phẩm 6 (Màu: Đỏ, Size: XXL) từ 2 thành 1',1,'2025-04-11 09:39:05',NULL),('LS9cb0ab1d','546485e8',NULL,'eb6db611-d763-438c-9246-7e6c1823f121','Cập nhật thông tin người nhận','Cập nhật thông tin người nhận: Nguyễn Văn A, Địa chỉ: Địa chỉ không hợp lệ, SĐT: ',1,NULL,'2025-04-19 11:43:00'),('LS9cfb4f28','HDb0ee41f6',NULL,'eb6db611-d763-438c-9246-7e6c1823f121','Cập nhật trạng thái hóa đơn','Tạo hóa đơn mới',1,'2025-04-04 13:09:33',NULL),('LS9d410db3','c9183b91',NULL,'eb6db611-d763-438c-9246-7e6c1823f121','Cập nhật hình thức','Hóa đơn được cập nhật thành \'tại quay\'',1,NULL,'2025-04-18 15:21:19'),('LS9de5b1e3','7dd3be64',NULL,'eb6db611-d763-438c-9246-7e6c1823f121','Cập nhật hình thức','Hóa đơn được cập nhật thành \'tại quay\'',1,NULL,'2025-04-19 17:06:15'),('LS9df13e7a','HD0a4523df',NULL,'eb6db611-d763-438c-9246-7e6c1823f121','Cập nhật trạng thái hóa đơn','Tạo hóa đơn mới',1,'2025-04-03 17:15:54',NULL),('LS9e08920e','HD9c62d1df',NULL,'eb6db611-d763-438c-9246-7e6c1823f121','Cập nhật trạng thái hóa đơn','Cập nhật trạng thái: Hoàn thành',5,'2025-04-04 07:56:50','2025-04-04 07:56:50'),('LS9e0cf32a','7dd3be64',NULL,'eb6db611-d763-438c-9246-7e6c1823f121','Xóa sản phẩm','Xóa sản phẩm Sản phẩm 1 (Màu: Xanh lá, Size: XXL) - Số lượng: 1, Đơn giá: 200,000 đ',1,'2025-04-19 18:35:42',NULL),('LS9e15078e','4a919226',NULL,'eb6db611-d763-438c-9246-7e6c1823f121','Thêm sản phẩm','Thêm sản phẩm Sản phẩm test (Màu: Hồng, Size: L) với số lượng 1, đơn giá 200,000 đ',1,'2025-04-17 03:54:58',NULL),('LS9ed86a85','64fdb5fc',NULL,NULL,'Cập nhật thanh toán VNPAY','Thanh toán qua VNPAY thành công: 400.000 ₫',5,'2025-04-19 16:53:25',NULL),('LS9f085d13','374df497',NULL,'eb6db611-d763-438c-9246-7e6c1823f121','Cập nhật số lượng sản phẩm','Cập nhật số lượng sản phẩm Sản phẩm 4 (Màu: Hồng, Size: L) từ 1 thành 2',1,'2025-04-18 10:45:05',NULL),('LS9f8de362','c9183b91',NULL,'eb6db611-d763-438c-9246-7e6c1823f121','Cập nhật hình thức','Hóa đơn được cập nhật thành \'tại quay\'',1,NULL,'2025-04-18 15:57:33'),('LS9f9cb77c','HD0cd25c35',NULL,'eb6db611-d763-438c-9246-7e6c1823f121','Cập nhật trạng thái hóa đơn','Tạo hóa đơn mới',1,'2025-04-06 14:55:57',NULL),('LS9fb26259','HD8e41158c',NULL,'eb6db611-d763-438c-9246-7e6c1823f121','Cập nhật trạng thái hóa đơn','Chuyển sang trạng thái Chờ giao hàng',3,NULL,'2025-04-01 16:52:19'),('LS9fdf477e','HD4e65d2d1',NULL,'eb6db611-d763-438c-9246-7e6c1823f121','Thanh toán phụ phí','Thanh toán phụ phí 17.600.000 ₫ - Thanh toán khi xác nhận đơn hàng',1,'2025-04-11 09:38:59',NULL),('LSa02c50ac','c9183b91',NULL,'eb6db611-d763-438c-9246-7e6c1823f121','Cập nhật hình thức','Hóa đơn được cập nhật thành \'tại quay\'',1,NULL,'2025-04-18 15:55:36'),('LSa0a414cc','7dd3be64',NULL,'eb6db611-d763-438c-9246-7e6c1823f121','Cập nhật hình thức','Hóa đơn được cập nhật thành \'giao hàng\'',1,NULL,'2025-04-19 17:03:39'),('LSa0ea830c','HD9f08dcfc',NULL,'eb6db611-d763-438c-9246-7e6c1823f121','Cập nhật trạng thái hóa đơn','Tạo hóa đơn mới',1,'2025-04-11 09:03:28',NULL),('LSa13baf9c','HDdaffa8f9',NULL,'eb6db611-d763-438c-9246-7e6c1823f121','Áp dụng voucher','Áp dụng voucher PGG-030F126D giảm 2,132 đ cho hóa đơn',1,'2025-04-03 18:52:53',NULL),('LSa18c52a7','HD25506ef0',NULL,'eb6db611-d763-438c-9246-7e6c1823f121','Thanh toán hóa đơn','Thanh toán hóa đơn 217.868 ₫',1,'2025-04-04 17:47:28',NULL),('LSa1a6547c','HDd818c613',NULL,'eb6db611-d763-438c-9246-7e6c1823f121','Cập nhật hình thức','Hóa đơn được cập nhật thành \'giao hàng\'',1,NULL,'2025-04-08 13:37:55'),('LSa1aa333f','HDdaffa8f9',NULL,'eb6db611-d763-438c-9246-7e6c1823f121','Thanh toán bổ sung','Thanh toán bổ sung 197.868 ₫',1,'2025-04-03 19:51:59',NULL),('LSa2583492','HD05f827a7',NULL,'eb6db611-d763-438c-9246-7e6c1823f121','Cập nhật hình thức','Hóa đơn được cập nhật thành \'tại quay\'',1,NULL,'2025-04-08 13:38:15'),('LSa28b474c','7dd3be64',NULL,'eb6db611-d763-438c-9246-7e6c1823f121','Cập nhật hình thức','Hóa đơn được cập nhật thành \'giao hàng\'',1,NULL,'2025-04-19 17:09:51'),('LSa2ce9230','HD519f8a17',NULL,'eb6db611-d763-438c-9246-7e6c1823f121','Hoàn tiền','Hoàn tiền thừa 18.000 ₫ cho khách hàng: Hoàn tiền thừa do thay đổi giá sản phẩm',1,'2025-04-10 06:43:18',NULL),('LSa3329a68','546485e8',NULL,'eb6db611-d763-438c-9246-7e6c1823f121','Cập nhật số lượng sản phẩm','Cập nhật số lượng sản phẩm Sản phẩm 4 (Màu: Hồng, Size: L) từ 6 thành 5',1,'2025-04-19 11:30:45',NULL),('LSa33c64f8','c9183b91',NULL,'eb6db611-d763-438c-9246-7e6c1823f121','Cập nhật hình thức','Hóa đơn được cập nhật thành \'giao hàng\'',1,NULL,'2025-04-18 15:57:36'),('LSa3cf4238','374df497',NULL,'eb6db611-d763-438c-9246-7e6c1823f121','Cập nhật số lượng sản phẩm','Cập nhật số lượng sản phẩm Sản phẩm 4 (Màu: Hồng, Size: L) từ 1 thành 2',1,'2025-04-18 10:21:02',NULL),('LSa402a542','HD2bca696f',NULL,'eb6db611-d763-438c-9246-7e6c1823f121','Cập nhật thông tin người nhận',NULL,1,NULL,'2025-04-04 07:58:32'),('LSa41f423c','7dd3be64',NULL,'eb6db611-d763-438c-9246-7e6c1823f121','Cập nhật hình thức','Hóa đơn được cập nhật thành \'tại quay\'',1,NULL,'2025-04-19 18:29:44'),('LSa45f2dcb','020f1d8b',NULL,'eb6db611-d763-438c-9246-7e6c1823f121','Thêm nhiều sản phẩm','Thêm 2 sản phẩm vào đơn hàng',1,'2025-04-17 15:55:08',NULL),('LSa47b497e','677ddbfc-4547-4fcc-a808-096ba1fa5af8',NULL,'eb6db611-d763-438c-9246-7e6c1823f121','Cập nhật hình thức','Hóa đơn được cập nhật thành \'giao hàng\'',1,NULL,'2025-04-16 14:41:02'),('LSa4ff109a','481c74ab',NULL,'eb6db611-d763-438c-9246-7e6c1823f121','Thanh toán phụ phí','Thanh toán phụ phí 200.000 ₫ - Thanh toán bổ sung khi xác nhận đơn hàng',1,'2025-04-18 11:05:12',NULL),('LSa5c2d15e','HDa96829a3',NULL,'eb6db611-d763-438c-9246-7e6c1823f121','Thêm sản phẩm','Đã thêm sản phẩm: Sản phẩm test (1)',1,'2025-04-06 09:54:02',NULL),('LSa61bfa61','HD2e448207',NULL,'eb6db611-d763-438c-9246-7e6c1823f121','Cập nhật trạng thái hóa đơn','Chuyển sang trạng thái Chờ xác nhận',1,'2025-03-28 19:34:42','2025-03-28 19:34:42'),('LSa649f186','HD9c62d1df',NULL,'eb6db611-d763-438c-9246-7e6c1823f121','Cập nhật trạng thái hóa đơn','Cập nhật trạng thái: Đã xác nhận',2,'2025-04-04 07:41:32','2025-04-04 07:41:32'),('LSa705b2c7','ab0849aa',NULL,'eb6db611-d763-438c-9246-7e6c1823f121','Áp dụng voucher','Áp dụng voucher PGG-B5C1035C giảm 33,600 đ cho hóa đơn',1,'2025-04-19 08:55:58',NULL),('LSa809586b','HDaf109366',NULL,'eb6db611-d763-438c-9246-7e6c1823f121','Cập nhật thông tin người nhận','Cập nhật thông tin người nhận: Khách hàng lẻ, Địa chỉ: Số 1, 800102, 3272, 229, SĐT: ',1,NULL,'2025-04-09 11:59:41'),('LSa8d292a3','HD4e65d2d1',NULL,'eb6db611-d763-438c-9246-7e6c1823f121','Xóa voucher','Đã xóa voucher tên phieu 1 với mã PGG-C5BD7FBF (giảm 2,400,000 đ) khỏi hóa đơn',1,'2025-04-10 07:07:44',NULL),('LSa97c3f46','HD519f8a17',NULL,'eb6db611-d763-438c-9246-7e6c1823f121','Cập nhật trạng thái hóa đơn','Cập nhật trạng thái: Hoàn thành',5,'2025-04-11 19:45:04','2025-04-11 19:45:04'),('LSa9aa1d06','HDa96829a3',NULL,'eb6db611-d763-438c-9246-7e6c1823f121','Cập nhật trạng thái hóa đơn','Cập nhật trạng thái: Đã xác nhận',2,'2025-04-06 09:54:48','2025-04-06 09:54:48'),('LSaa7ad385','481c74ab',NULL,'eb6db611-d763-438c-9246-7e6c1823f121','Thanh toán phụ phí','Thanh toán phụ phí 200.000 ₫ - Thanh toán khi xác nhận đơn hàng',1,'2025-04-18 11:04:14',NULL),('LSaafd81ad','HD8e41158c',NULL,'eb6db611-d763-438c-9246-7e6c1823f121','Thêm sản phẩm','Thêm sản phẩm Sản phẩm test (Màu: Hồng, Size: L) với số lượng 1, đơn giá 220,000 đ',1,'2025-04-01 16:39:04',NULL),('LSab03cf29','7dd3be64',NULL,'eb6db611-d763-438c-9246-7e6c1823f121','Xóa sản phẩm','Xóa sản phẩm Sản phẩm 4 (Màu: Đỏ, Size: XXL) - Số lượng: 1, Đơn giá: 200,000 đ',1,'2025-04-19 18:35:44',NULL),('LSab1435d4','677ddbfc-4547-4fcc-a808-096ba1fa5af8',NULL,'eb6db611-d763-438c-9246-7e6c1823f121','Áp dụng voucher','Áp dụng voucher PGG-8B689EE0 giảm 15 đ cho hóa đơn',1,'2025-04-16 14:50:03',NULL),('LSabf10101','HD9f08dcfc',NULL,'eb6db611-d763-438c-9246-7e6c1823f121','Cập nhật hình thức','Hóa đơn được cập nhật thành \'tại quay\'',1,NULL,'2025-04-11 09:03:46'),('LSac399ed3','HD05f827a7',NULL,'eb6db611-d763-438c-9246-7e6c1823f121','Cập nhật trạng thái hóa đơn','Tạo hóa đơn mới',1,'2025-04-08 13:37:59',NULL),('LSac58cfa5','HDa96829a3',NULL,'eb6db611-d763-438c-9246-7e6c1823f121','Xóa voucher','Đã xóa voucher tên Phiếu giảm giá cho thinh22 với mã PGG-030F126D (giảm 2,132 đ) khỏi hóa đơn',1,'2025-04-06 09:54:09',NULL),('LSad560d41','HDb0ee41f6',NULL,'eb6db611-d763-438c-9246-7e6c1823f121','Cập nhật trạng thái hóa đơn','Cập nhật trạng thái: Đã xác nhận',2,'2025-04-04 15:08:57','2025-04-04 15:08:57'),('LSadb060d0','374df497',NULL,'eb6db611-d763-438c-9246-7e6c1823f121','Cập nhật số lượng sản phẩm','Cập nhật số lượng sản phẩm Sản phẩm 4 (Màu: Hồng, Size: L) từ 1 thành 1',1,'2025-04-18 10:21:50',NULL),('LSadecb6ee','HD1400166c',NULL,'eb6db611-d763-438c-9246-7e6c1823f121','Cập nhật trạng thái hóa đơn','Cập nhật trạng thái: Đã xác nhận',2,'2025-04-04 13:02:04','2025-04-04 13:02:04'),('LSae6b61aa','HDc86bfeb2',NULL,'eb6db611-d763-438c-9246-7e6c1823f121','Xóa voucher','Đã xóa voucher tên Phiếu giảm giá cho thinh22 với mã PGG-030F126D (giảm 2,132 đ) khỏi hóa đơn',1,'2025-04-08 14:13:13',NULL),('LSaec0c26b','HDc1e8ad2e',NULL,'eb6db611-d763-438c-9246-7e6c1823f121','Thêm sản phẩm','Đã thêm sản phẩm: Sản phẩm test (1)',1,'2025-04-11 10:41:48',NULL),('LSaec70bd0','7dd3be64',NULL,'eb6db611-d763-438c-9246-7e6c1823f121','Cập nhật hình thức','Hóa đơn được cập nhật thành \'tại quay\'',1,NULL,'2025-04-19 17:09:27'),('LSaec88403','HD05f827a7',NULL,'eb6db611-d763-438c-9246-7e6c1823f121','Hủy hóa đơn','Hóa đơn bị hủy: Không có lý do',6,'2025-04-08 13:43:52',NULL),('LSaf3a59ce','374df497',NULL,'eb6db611-d763-438c-9246-7e6c1823f121','Thêm sản phẩm','Thêm sản phẩm Sản phẩm 4 (Màu: Hồng, Size: L) với số lượng 1, đơn giá 40,000 đ',1,'2025-04-18 09:51:46',NULL),('LSafa28130','HD519f8a17',NULL,'eb6db611-d763-438c-9246-7e6c1823f121','Xóa sản phẩm','Xóa sản phẩm Sản phẩm 6 (Màu: Đỏ, Size: XXL) - Số lượng: 2, Đơn giá: 10,000,000 đ',1,'2025-04-11 19:44:06',NULL),('LSafbd684c','HD2e448207',NULL,'eb6db611-d763-438c-9246-7e6c1823f121','Cập nhật trạng thái hóa đơn','Chuyển sang trạng thái Chờ giao hàng',3,'2025-03-28 19:17:33','2025-03-28 19:17:33'),('LSafbffb77','374df497',NULL,'eb6db611-d763-438c-9246-7e6c1823f121','Cập nhật số lượng sản phẩm','Cập nhật số lượng sản phẩm Sản phẩm 4 (Màu: Hồng, Size: L) từ 2 thành 1',1,'2025-04-18 10:21:09',NULL),('LSb02e7ba3','374df497',NULL,'eb6db611-d763-438c-9246-7e6c1823f121','Cập nhật trạng thái hóa đơn','Cập nhật trạng thái: Chờ xác nhận',1,'2025-04-18 09:53:30','2025-04-18 09:53:30'),('LSb05b8a35','677ddbfc-4547-4fcc-a808-096ba1fa5af8',NULL,'eb6db611-d763-438c-9246-7e6c1823f121','Thêm sản phẩm','Thêm sản phẩm Sản phẩm 4 (Màu: Hồng, Size: L) với số lượng 1, đơn giá 40,000 đ',1,'2025-04-16 14:42:03',NULL),('LSb0974333','HDaf109366',NULL,'eb6db611-d763-438c-9246-7e6c1823f121','Cập nhật thông tin người nhận','Cập nhật thông tin người nhận: Khách hàng lẻ, Địa chỉ: Số 1, 91276, 3255, 201, SĐT: ',1,NULL,'2025-04-09 11:56:35'),('LSb11ca5be','7dd3be64',NULL,'eb6db611-d763-438c-9246-7e6c1823f121','Cập nhật hình thức','Hóa đơn được cập nhật thành \'giao hàng\'',1,NULL,'2025-04-19 17:09:30'),('LSb17c5b10','HD2e448207',NULL,'eb6db611-d763-438c-9246-7e6c1823f121','Cập nhật thông tin người nhận','Cập nhật thông tin người nhận: Khách hàng lẻ, SĐT: null',1,NULL,'2025-03-29 15:27:52'),('LSb20e9032','HDaf109366',NULL,'eb6db611-d763-438c-9246-7e6c1823f121','Cập nhật hình thức','Hóa đơn được cập nhật thành \'giao hàng\'',1,NULL,'2025-04-09 09:51:39'),('LSb2ab363b','7dd3be64',NULL,'eb6db611-d763-438c-9246-7e6c1823f121','Cập nhật hình thức','Hóa đơn được cập nhật thành \'tại quay\'',1,NULL,'2025-04-19 17:09:59'),('LSb33a61a8','HD4e65d2d1',NULL,'eb6db611-d763-438c-9246-7e6c1823f121','Xóa sản phẩm','Xóa sản phẩm Sản phẩm 6 (Màu: Đỏ, Size: XXL) - Số lượng: 1, Đơn giá: 10,000,000 đ',1,'2025-04-11 10:10:50',NULL),('LSb3579db9','HD3f7f95a5',NULL,'eb6db611-d763-438c-9246-7e6c1823f121','Xóa sản phẩm','Xóa sản phẩm Sản phẩm test (Màu: Hồng, Size: L) - Số lượng: 1, Đơn giá: 200,000 đ',1,'2025-04-11 19:47:55',NULL),('LSb35866ec','7dd3be64',NULL,'eb6db611-d763-438c-9246-7e6c1823f121','Cập nhật hình thức','Hóa đơn được cập nhật thành \'tại quay\'',1,NULL,'2025-04-19 17:32:58'),('LSb3a2bcf5','HD9c62d1df',NULL,'eb6db611-d763-438c-9246-7e6c1823f121','Thanh toán hóa đơn','Thanh toán hóa đơn 200.000 ₫',1,'2025-04-04 07:41:05',NULL),('LSb3b849ad','c9183b91',NULL,'eb6db611-d763-438c-9246-7e6c1823f121','Cập nhật hình thức','Hóa đơn được cập nhật thành \'tại quay\'',1,NULL,'2025-04-18 15:10:17'),('LSb44d9d0a','c9183b91',NULL,'eb6db611-d763-438c-9246-7e6c1823f121','Cập nhật hình thức','Hóa đơn được cập nhật thành \'giao hàng\'',1,NULL,'2025-04-18 15:21:22'),('LSb4c3a088','7dd3be64',NULL,'eb6db611-d763-438c-9246-7e6c1823f121','Cập nhật hình thức','Hóa đơn được cập nhật thành \'tại quay\'',1,NULL,'2025-04-19 17:02:33'),('LSb4c6c6cf','HD642ee239',NULL,'eb6db611-d763-438c-9246-7e6c1823f121','Thêm sản phẩm','Đã thêm sản phẩm: Sản phẩm test (1)',1,'2025-04-10 06:34:29',NULL),('LSb4c890e4','c9183b91',NULL,'eb6db611-d763-438c-9246-7e6c1823f121','Cập nhật hình thức','Hóa đơn được cập nhật thành \'giao hàng\'',1,NULL,'2025-04-18 15:55:34'),('LSb5e1e66c','481c74ab',NULL,'eb6db611-d763-438c-9246-7e6c1823f121','Cập nhật số lượng sản phẩm','Cập nhật số lượng sản phẩm Sản phẩm test (Màu: Hồng, Size: L) từ 2 thành 3',1,'2025-04-18 11:05:28',NULL),('LSb5ef042c','020f1d8b',NULL,'eb6db611-d763-438c-9246-7e6c1823f121','Cập nhật hình thức','Hóa đơn được cập nhật thành \'giao hàng\'',1,NULL,'2025-04-17 15:55:11'),('LSb6b15f80','HD519f8a17',NULL,'eb6db611-d763-438c-9246-7e6c1823f121','Hoàn tiền','Hoàn tiền thừa 220.000 ₫ cho khách hàng: Hoàn tiền thừa cho khách hàng',1,'2025-04-10 06:37:46',NULL),('LSb75a9898','c9183b91',NULL,NULL,'Cập nhật thanh toán VNPAY','Thanh toán qua VNPAY thành công: 40.000 ₫',1,'2025-04-19 05:30:28',NULL),('LSb81181dc','2294890a',NULL,'eb6db611-d763-438c-9246-7e6c1823f121','Cập nhật số lượng sản phẩm','Cập nhật số lượng sản phẩm Sản phẩm 4 (Màu: Hồng, Size: L) từ 1 thành 2',1,'2025-04-17 03:45:27',NULL),('LSb8abc21d','HD2bca696f',NULL,'eb6db611-d763-438c-9246-7e6c1823f121','Thêm sản phẩm','Thêm sản phẩm Sản phẩm test (Màu: Hồng, Size: XXL) với số lượng 1, đơn giá 190,000 đ',1,'2025-04-04 07:58:19',NULL),('LSb985fa4d','d2f68dfc',NULL,'eb6db611-d763-438c-9246-7e6c1823f121','Cập nhật trạng thái hóa đơn','Tạo hóa đơn mới',1,'2025-04-17 16:26:19',NULL),('LSba3e9469','HD519f8a17',NULL,'eb6db611-d763-438c-9246-7e6c1823f121','Cập nhật trạng thái hóa đơn','Cập nhật trạng thái: Đã xác nhận',2,'2025-04-10 06:37:22','2025-04-10 06:37:22'),('LSbb22f9be','c9183b91',NULL,'eb6db611-d763-438c-9246-7e6c1823f121','Cập nhật hình thức','Hóa đơn được cập nhật thành \'tại quay\'',1,NULL,'2025-04-18 15:55:25'),('LSbbf5ada0','546485e8',NULL,'eb6db611-d763-438c-9246-7e6c1823f121','Thêm sản phẩm','Thêm sản phẩm Sản phẩm test (Màu: Xanh lá, Size: L) với số lượng 1, đơn giá 10,000 đ',1,'2025-04-19 11:30:01',NULL),('LSbc312187','7dd3be64',NULL,'eb6db611-d763-438c-9246-7e6c1823f121','Cập nhật hình thức','Hóa đơn được cập nhật thành \'giao hàng\'',1,NULL,'2025-04-19 17:33:42'),('LSbcdff82d','2294890a',NULL,'eb6db611-d763-438c-9246-7e6c1823f121','Thêm nhiều sản phẩm','Thêm 2 sản phẩm vào đơn hàng',1,'2025-04-17 03:31:32',NULL),('LSbd3661a1','7dd3be64',NULL,'eb6db611-d763-438c-9246-7e6c1823f121','Cập nhật hình thức','Hóa đơn được cập nhật thành \'tại quay\'',1,NULL,'2025-04-19 17:05:51'),('LSbd5ceb00','HD519f8a17',NULL,'eb6db611-d763-438c-9246-7e6c1823f121','Cập nhật trạng thái hóa đơn','Cập nhật trạng thái: Chờ giao hàng',3,'2025-04-11 19:44:57','2025-04-11 19:44:57'),('LSbd99dc35','7dd3be64',NULL,'eb6db611-d763-438c-9246-7e6c1823f121','Cập nhật hình thức','Hóa đơn được cập nhật thành \'tại quay\'',1,NULL,'2025-04-19 17:05:58'),('LSbd9bdf06','HDf51574d6',NULL,'eb6db611-d763-438c-9246-7e6c1823f121','Cập nhật trạng thái hóa đơn','Cập nhật trạng thái: Chờ giao hàng',3,'2025-04-11 08:54:17','2025-04-11 08:54:17'),('LSbdb11c30','7dd3be64',NULL,'eb6db611-d763-438c-9246-7e6c1823f121','Cập nhật hình thức','Hóa đơn được cập nhật thành \'giao hàng\'',1,NULL,'2025-04-19 17:05:55'),('LSbdcc881f','7dd3be64',NULL,'eb6db611-d763-438c-9246-7e6c1823f121','Cập nhật hình thức','Hóa đơn được cập nhật thành \'giao hàng\'',1,NULL,'2025-04-19 18:22:25'),('LSbe33d487','HDd818c613',NULL,'eb6db611-d763-438c-9246-7e6c1823f121','Thêm sản phẩm','Đã thêm sản phẩm: Sản phẩm 1 (1)',1,'2025-04-08 13:11:19',NULL),('LSbe7e2b97','HDc86bfeb2',NULL,'eb6db611-d763-438c-9246-7e6c1823f121','Tự động áp dụng voucher','Tự động áp dụng voucher tốt nhất PGG-030F126D: 12% (tối đa 2,132 đ), giảm 2,132 đ',1,'2025-04-08 14:13:05',NULL),('LSbe9b4b97','HD05f827a7',NULL,'eb6db611-d763-438c-9246-7e6c1823f121','Cập nhật hình thức','Hóa đơn được cập nhật thành \'giao hàng\'',1,NULL,'2025-04-08 13:38:10'),('LSbecb8bcb','fd7560da',NULL,'eb6db611-d763-438c-9246-7e6c1823f121','Cập nhật trạng thái hóa đơn','Tạo hóa đơn mới',1,'2025-04-19 15:48:28',NULL),('LSbeec2c35','dbfc226e',NULL,NULL,'Cập nhật thanh toán VNPAY','Thanh toán qua VNPAY thành công: 40.000 ₫',5,'2025-04-19 16:56:14',NULL),('LSbf1639cf','HDa96829a3',NULL,'eb6db611-d763-438c-9246-7e6c1823f121','Thêm sản phẩm','Đã thêm sản phẩm: Sản phẩm 4 (1)',1,'2025-04-06 09:54:02',NULL),('LSbf263ea5','HDb0ee41f6',NULL,'eb6db611-d763-438c-9246-7e6c1823f121','Thanh toán hóa đơn','Thanh toán hóa đơn 797.868 ₫',1,'2025-04-04 15:08:06',NULL),('LSbf5699ca','7dd3be64',NULL,'eb6db611-d763-438c-9246-7e6c1823f121','Cập nhật trạng thái hóa đơn','Tạo hóa đơn mới',1,'2025-04-19 16:59:03',NULL),('LSbf682fcf','7dd3be64',NULL,'eb6db611-d763-438c-9246-7e6c1823f121','Thêm sản phẩm','Thêm sản phẩm Sản phẩm 1 (Màu: Xanh lá, Size: XXL) với số lượng 1, đơn giá 200,000 đ',1,'2025-04-19 18:34:06',NULL),('LSbf9b0269','e8a0cf46',NULL,'eb6db611-d763-438c-9246-7e6c1823f121','Thêm sản phẩm','Thêm sản phẩm Sản phẩm 4 (Màu: Hồng, Size: L) với số lượng 1, đơn giá 40,000 đ',1,'2025-04-17 03:49:24',NULL),('LSbfbd16c2','546485e8',NULL,'eb6db611-d763-438c-9246-7e6c1823f121','Xóa sản phẩm','Xóa sản phẩm Sản phẩm test (Màu: Hồng, Size: L) - Số lượng: 8, Đơn giá: 200,000 đ',1,'2025-04-19 11:30:42',NULL),('LSbfc7aae4','c9183b91',NULL,'eb6db611-d763-438c-9246-7e6c1823f121','Cập nhật hình thức','Hóa đơn được cập nhật thành \'giao hàng\'',1,NULL,'2025-04-18 15:33:16'),('LSc00b53a2','HD01606d03',NULL,'eb6db611-d763-438c-9246-7e6c1823f121','Thanh toán phụ phí','Thanh toán phụ phí 251.501 ₫ - Thanh toán khi xác nhận đơn hàng',1,'2025-04-11 19:55:41',NULL),('LSc08c702c','HD519f8a17',NULL,'eb6db611-d763-438c-9246-7e6c1823f121','Cập nhật số lượng sản phẩm','Cập nhật số lượng sản phẩm Sản phẩm test (Màu: Hồng, Size: XXL) từ 1 thành 2',1,'2025-04-10 06:36:57',NULL),('LSc0a235dd','2294890a',NULL,'eb6db611-d763-438c-9246-7e6c1823f121','Thanh toán phụ phí','Thanh toán phụ phí 240.000 ₫ - Thanh toán khi xác nhận đơn hàng',1,'2025-04-17 03:45:16',NULL),('LSc0d68c59','374df497',NULL,'eb6db611-d763-438c-9246-7e6c1823f121','Cập nhật số lượng sản phẩm','Cập nhật số lượng sản phẩm Sản phẩm 4 (Màu: Hồng, Size: L) từ 1 thành 2',1,'2025-04-18 10:20:19',NULL),('LSc10c4b6a','ab0849aa',NULL,'eb6db611-d763-438c-9246-7e6c1823f121','Cập nhật trạng thái hóa đơn','Chuyển trạng thái: Đã xác nhận',2,'2025-04-19 08:56:20',NULL),('LSc1e30f7c','HDb0ee41f6',NULL,'eb6db611-d763-438c-9246-7e6c1823f121','Xóa sản phẩm','Xóa sản phẩm Sản phẩm test (Màu: Hồng, Size: XXL) - Số lượng: 1, Đơn giá: 220,000 đ',1,'2025-04-04 15:59:03',NULL),('LSc1f22b07','HDc86bfeb2',NULL,'eb6db611-d763-438c-9246-7e6c1823f121','Cập nhật hình thức','Hóa đơn được cập nhật thành \'giao hàng\'',1,NULL,'2025-04-08 13:51:30'),('LSc2cc4665','7dd3be64',NULL,'eb6db611-d763-438c-9246-7e6c1823f121','Thêm sản phẩm','Thêm sản phẩm Sản phẩm 4 (Màu: Hồng, Size: L) với số lượng 1, đơn giá 40,000 đ',1,'2025-04-19 18:35:50',NULL),('LSc2d55ebf','8c3568c8',NULL,'eb6db611-d763-438c-9246-7e6c1823f121','Cập nhật trạng thái hóa đơn','Tạo hóa đơn mới',1,'2025-04-17 03:50:15',NULL),('LSc2e261f2','HD1400166c',NULL,'eb6db611-d763-438c-9246-7e6c1823f121','Cập nhật trạng thái hóa đơn','Cập nhật trạng thái: Chờ xác nhận',1,'2025-04-04 14:26:35','2025-04-04 14:26:35'),('LSc38ee9ab','374df497',NULL,'eb6db611-d763-438c-9246-7e6c1823f121','Cập nhật trạng thái hóa đơn','Cập nhật trạng thái: Đã xác nhận',2,'2025-04-18 09:53:18','2025-04-18 09:53:18'),('LSc3acb42e','HD4e65d2d1',NULL,'eb6db611-d763-438c-9246-7e6c1823f121','Thêm sản phẩm','Thêm sản phẩm Sản phẩm test (Màu: Hồng, Size: XXL) với số lượng 1, đơn giá 220,000 đ',1,'2025-04-11 10:10:47',NULL),('LSc3e8d337','HD05f827a7',NULL,'eb6db611-d763-438c-9246-7e6c1823f121','Cập nhật hình thức','Hóa đơn được cập nhật thành \'giao hàng\'',1,NULL,'2025-04-08 13:38:15'),('LSc46932cf','c9183b91',NULL,'eb6db611-d763-438c-9246-7e6c1823f121','Cập nhật hình thức','Hóa đơn được cập nhật thành \'tại quay\'',1,NULL,'2025-04-18 15:55:44'),('LSc4da4a53','HDdaffa8f9',NULL,'eb6db611-d763-438c-9246-7e6c1823f121','Thêm sản phẩm','Thêm sản phẩm Sản phẩm test (Màu: Hồng, Size: L) với số lượng 1, đơn giá 220,000 đ',1,'2025-04-03 20:30:24',NULL),('LSc4e2bfcc','374df497',NULL,'eb6db611-d763-438c-9246-7e6c1823f121','Cập nhật số lượng sản phẩm','Cập nhật số lượng sản phẩm Sản phẩm 4 (Màu: Hồng, Size: L) từ 2 thành 1',1,'2025-04-18 10:48:52',NULL),('LSc572fa51','HD9c62d1df',NULL,'eb6db611-d763-438c-9246-7e6c1823f121','Cập nhật trạng thái hóa đơn','Cập nhật trạng thái: Chờ xác nhận',1,'2025-04-04 07:49:12','2025-04-04 07:49:12'),('LSc598c4c5','HDc86bfeb2',NULL,'eb6db611-d763-438c-9246-7e6c1823f121','Tự động áp dụng voucher','Tự động áp dụng voucher tốt nhất PGG-030F126D: 12% (tối đa 2,132 đ), giảm 2,132 đ',1,'2025-04-08 14:14:15',NULL),('LSc5ca7a08','HD2e448207',NULL,'eb6db611-d763-438c-9246-7e6c1823f121','Cập nhật trạng thái hóa đơn','Chuyển sang trạng thái Đã xác nhận',2,NULL,'2025-03-29 15:06:23'),('LSc6dd9893','HD0a4523df',NULL,'eb6db611-d763-438c-9246-7e6c1823f121','Cập nhật trạng thái hóa đơn','Cập nhật trạng thái: Đã xác nhận',2,'2025-04-03 17:16:17','2025-04-03 17:16:17'),('LSc73f4835','HD95aaeb8b',NULL,'eb6db611-d763-438c-9246-7e6c1823f121','Cập nhật trạng thái hóa đơn','Chuyển trạng thái: Chờ giao hàng',3,'2025-04-01 18:25:06',NULL),('LSc83f9d95','HDc86bfeb2',NULL,'eb6db611-d763-438c-9246-7e6c1823f121','Cập nhật hình thức','Hóa đơn được cập nhật thành \'giao hàng\'',1,NULL,'2025-04-08 13:51:22'),('LSc8670a8c','HD1400166c',NULL,'eb6db611-d763-438c-9246-7e6c1823f121','Thêm sản phẩm','Thêm sản phẩm Sản phẩm test (Màu: Hồng, Size: L) với số lượng 1, đơn giá 200,000 đ',1,'2025-04-04 14:22:47',NULL),('LSc8b0e0c8','HDa96829a3',NULL,'eb6db611-d763-438c-9246-7e6c1823f121','Cập nhật trạng thái hóa đơn','Cập nhật trạng thái: Chờ xác nhận',1,'2025-04-06 09:55:49','2025-04-06 09:55:49'),('LSc9d20a6e','7f11126a',NULL,'eb6db611-d763-438c-9246-7e6c1823f121','Áp dụng voucher','Áp dụng voucher PGG-8B689EE0 giảm 15 đ cho hóa đơn',1,'2025-04-17 03:46:13',NULL),('LScb54021d','7dd3be64',NULL,'eb6db611-d763-438c-9246-7e6c1823f121','Xóa sản phẩm','Xóa sản phẩm Sản phẩm 5 (Màu: Xanh lá, Size: XXL) - Số lượng: 1, Đơn giá: 2,002,000 đ',1,'2025-04-19 18:35:34',NULL),('LScb6a2ae9','4eb43f58',NULL,'eb6db611-d763-438c-9246-7e6c1823f121','Cập nhật trạng thái hóa đơn','Chuyển trạng thái: Đã xác nhận',2,'2025-04-19 16:56:51',NULL),('LScc82a175','374df497',NULL,'eb6db611-d763-438c-9246-7e6c1823f121','Hủy hóa đơn','Hóa đơn bị hủy: Không thích',6,'2025-04-18 12:01:59',NULL),('LScd167743','677b3361',NULL,'eb6db611-d763-438c-9246-7e6c1823f121','Hủy hóa đơn','Hóa đơn bị hủy: Không có lý do',6,'2025-04-18 11:49:36',NULL),('LScd2a9453','546485e8',NULL,'eb6db611-d763-438c-9246-7e6c1823f121','Xóa sản phẩm','Xóa sản phẩm Sản phẩm test (Màu: Xanh lá, Size: L) - Số lượng: 1, Đơn giá: 10,000 đ',1,'2025-04-19 11:30:35',NULL),('LScdd486b4','HD8e41158c',NULL,'eb6db611-d763-438c-9246-7e6c1823f121','Cập nhật trạng thái hóa đơn','Chuyển sang trạng thái Đã xác nhận',2,NULL,'2025-04-01 16:30:28'),('LSce030c85','374df497',NULL,'eb6db611-d763-438c-9246-7e6c1823f121','Cập nhật số lượng sản phẩm','Cập nhật số lượng sản phẩm Sản phẩm 4 (Màu: Hồng, Size: L) từ 2 thành 1',1,'2025-04-18 10:44:50',NULL),('LSceee91b5','HDdaffa8f9',NULL,'eb6db611-d763-438c-9246-7e6c1823f121','Cập nhật trạng thái hóa đơn','Cập nhật trạng thái: Đã xác nhận',2,'2025-04-03 21:34:57','2025-04-03 21:34:57'),('LScefdcb61','59dd7242',NULL,'eb6db611-d763-438c-9246-7e6c1823f121','Thêm sản phẩm','Thêm sản phẩm Sản phẩm 4 (Màu: Hồng, Size: L) với số lượng 1, đơn giá 40,000 đ',1,'2025-04-18 12:19:49',NULL),('LScf56b354','020f1d8b',NULL,'eb6db611-d763-438c-9246-7e6c1823f121','Cập nhật trạng thái hóa đơn','Tạo hóa đơn mới',1,'2025-04-17 15:55:03',NULL),('LScf66209b','677ddbfc-4547-4fcc-a808-096ba1fa5af8',NULL,'eb6db611-d763-438c-9246-7e6c1823f121','Cập nhật hình thức','Hóa đơn được cập nhật thành \'tại quay\'',1,NULL,'2025-04-16 14:42:19'),('LScf8049ae','HDdaffa8f9',NULL,'eb6db611-d763-438c-9246-7e6c1823f121','Cập nhật trạng thái hóa đơn','Cập nhật trạng thái: Chờ xác nhận',1,'2025-04-03 19:55:42','2025-04-03 19:55:42'),('LScf8c8326','c9183b91',NULL,'eb6db611-d763-438c-9246-7e6c1823f121','Cập nhật hình thức','Hóa đơn được cập nhật thành \'tại quay\'',1,NULL,'2025-04-18 15:57:57'),('LScf92f2cd','2c6b4ee0',NULL,'eb6db611-d763-438c-9246-7e6c1823f121','Cập nhật trạng thái hóa đơn','Tạo hóa đơn mới',1,'2025-04-17 03:51:41',NULL),('LScf9c758f','c9183b91',NULL,'eb6db611-d763-438c-9246-7e6c1823f121','Cập nhật hình thức','Hóa đơn được cập nhật thành \'giao hàng\'',1,NULL,'2025-04-18 15:22:49'),('LScfff0613','7dd3be64',NULL,'eb6db611-d763-438c-9246-7e6c1823f121','Cập nhật hình thức','Hóa đơn được cập nhật thành \'tại quay\'',1,NULL,'2025-04-19 17:10:02'),('LSd04c4aa6','7dd3be64',NULL,'eb6db611-d763-438c-9246-7e6c1823f121','Thêm sản phẩm','Thêm sản phẩm Sản phẩm 4 (Màu: Đỏ, Size: XXL) với số lượng 1, đơn giá 200,000 đ',1,'2025-04-19 18:35:59',NULL),('LSd080f5e2','HDaf109366',NULL,'eb6db611-d763-438c-9246-7e6c1823f121','Cập nhật thông tin người nhận','Cập nhật thông tin người nhận: Khách hàng lẻ, Địa chỉ: Số 1, 420418, 3160, 209, SĐT: ',1,NULL,'2025-04-09 11:49:15'),('LSd157191d','HD25506ef0',NULL,'eb6db611-d763-438c-9246-7e6c1823f121','Xóa voucher','Đã xóa voucher tên Phiếu giảm giá cho thinh22 với mã PGG-030F126D (giảm 2,132 đ) khỏi hóa đơn',1,'2025-04-04 17:47:56',NULL),('LSd1714a51','HDc86bfeb2',NULL,'eb6db611-d763-438c-9246-7e6c1823f121','Cập nhật số lượng sản phẩm','Cập nhật số lượng sản phẩm Sản phẩm test (Màu: Hồng, Size: L) từ 1 thành 2',1,'2025-04-08 14:13:39',NULL),('LSd192e480','7dd3be64',NULL,'eb6db611-d763-438c-9246-7e6c1823f121','Xóa sản phẩm','Xóa sản phẩm Sản phẩm 4 (Màu: Đỏ, Size: L) - Số lượng: 1, Đơn giá: 200,000 đ',1,'2025-04-19 18:43:08',NULL),('LSd1b668c9','77cb7dcb',NULL,'eb6db611-d763-438c-9246-7e6c1823f121','Cập nhật trạng thái hóa đơn','Chuyển trạng thái: Hoàn thành',5,'2025-04-19 08:58:32',NULL),('LSd2405087','HD9c62d1df',NULL,'eb6db611-d763-438c-9246-7e6c1823f121','Cập nhật trạng thái hóa đơn','Cập nhật trạng thái: Đã xác nhận',2,'2025-04-04 07:56:43','2025-04-04 07:56:43'),('LSd24be00e','HDb0ee41f6',NULL,'eb6db611-d763-438c-9246-7e6c1823f121','Thêm sản phẩm','Đã thêm sản phẩm: Sản phẩm test (1)',1,'2025-04-04 15:07:39',NULL),('LSd28a4e12','HD8e41158c',NULL,'eb6db611-d763-438c-9246-7e6c1823f121','Hủy hóa đơn','Hóa đơn bị hủy: Không thích',6,'2025-04-01 17:03:37',NULL),('LSd2b08c08','2c6b4ee0',NULL,'eb6db611-d763-438c-9246-7e6c1823f121','Thêm sản phẩm','Thêm sản phẩm Sản phẩm 4 (Màu: Hồng, Size: L) với số lượng 1, đơn giá 40,000 đ',1,'2025-04-17 03:51:47',NULL),('LSd2b2b912','c9183b91',NULL,'eb6db611-d763-438c-9246-7e6c1823f121','Cập nhật trạng thái hóa đơn','Tạo hóa đơn mới',1,'2025-04-18 15:07:23',NULL),('LSd2c1ed03','HDb0ee41f6',NULL,'eb6db611-d763-438c-9246-7e6c1823f121','Xóa sản phẩm','Xóa sản phẩm Sản phẩm test (Màu: Hồng, Size: L) - Số lượng: 2, Đơn giá: 200,000 đ',1,'2025-04-04 15:51:30',NULL),('LSd3bb8d34','546485e8',NULL,'eb6db611-d763-438c-9246-7e6c1823f121','Thêm sản phẩm','Thêm sản phẩm Sản phẩm 4 (Màu: Đỏ, Size: XL) với số lượng 1, đơn giá 250,000 đ',1,'2025-04-19 11:34:11',NULL),('LSd403e2c3','77cb7dcb',NULL,'eb6db611-d763-438c-9246-7e6c1823f121','Áp dụng voucher','Áp dụng voucher PGG-B5C1035C giảm 33,600 đ cho hóa đơn',1,'2025-04-19 08:58:16',NULL),('LSd51e26ad','8391b293',NULL,'eb6db611-d763-438c-9246-7e6c1823f121','Thêm sản phẩm','Thêm sản phẩm Sản phẩm 4 (Màu: Hồng, Size: L) với số lượng 1, đơn giá 40,000 đ',1,'2025-04-19 05:31:44',NULL),('LSd533b368','HD3f7f95a5',NULL,'eb6db611-d763-438c-9246-7e6c1823f121','Cập nhật hình thức','Hóa đơn được cập nhật thành \'tại quay\'',1,NULL,'2025-04-11 19:47:24'),('LSd5584647','HDaf109366',NULL,'eb6db611-d763-438c-9246-7e6c1823f121','Cập nhật thông tin người nhận','Cập nhật thông tin người nhận: Khách hàng lẻ, Địa chỉ: Số 1, 150206, 2064, 229, SĐT: ',1,NULL,'2025-04-09 11:49:37'),('LSd5f54b81','c9183b91',NULL,'eb6db611-d763-438c-9246-7e6c1823f121','Cập nhật hình thức','Hóa đơn được cập nhật thành \'tại quay\'',1,NULL,'2025-04-18 15:55:47'),('LSd717515a','7dd3be64',NULL,'eb6db611-d763-438c-9246-7e6c1823f121','Cập nhật hình thức','Hóa đơn được cập nhật thành \'giao hàng\'',1,NULL,'2025-04-19 17:31:58'),('LSd731467b','HD2e448207',NULL,'eb6db611-d763-438c-9246-7e6c1823f121','Thêm sản phẩm','Thêm sản phẩm Sản phẩm 1 (Màu: Đỏ, Size: L) với số lượng 1, đơn giá 200,000 đ',1,'2025-04-01 16:23:44',NULL),('LSd7de6aec','5fcbb4ba',NULL,NULL,'Cập nhật thanh toán VNPAY','Thanh toán qua VNPAY thành công: 40.000 ₫',1,'2025-04-19 06:52:27',NULL),('LSd83e3b50','HD2e448207',NULL,'eb6db611-d763-438c-9246-7e6c1823f121','Cập nhật trạng thái hóa đơn','Chuyển sang trạng thái Chờ giao hàng',3,'2025-03-28 19:17:57','2025-03-28 19:17:57'),('LSd976f3d6','020f1d8b',NULL,'eb6db611-d763-438c-9246-7e6c1823f121','Thêm sản phẩm','Thêm sản phẩm Sản phẩm 4 (Màu: Hồng, Size: L) với số lượng 1, đơn giá 40,000 đ',1,'2025-04-17 15:55:08',NULL),('LSd97cba32','77cb7dcb',NULL,'eb6db611-d763-438c-9246-7e6c1823f121','Xóa voucher','Đã xóa voucher tên Phiếu giảm giá cho huy với mã PGG-B5C1035C (giảm 33,600 đ) khỏi hóa đơn',1,'2025-04-19 08:58:11',NULL),('LSd9946696','546485e8',NULL,'eb6db611-d763-438c-9246-7e6c1823f121','Thêm sản phẩm','Thêm sản phẩm Sản phẩm 4 (Màu: Đỏ, Size: XXL) với số lượng 3, đơn giá 200,000 đ',1,'2025-04-19 11:34:11',NULL),('LSd9bd1dbc','HD642ee239',NULL,'eb6db611-d763-438c-9246-7e6c1823f121','Cập nhật trạng thái hóa đơn','Tạo hóa đơn mới',1,'2025-04-10 06:34:24',NULL),('LSd9f98f3a','d2f68dfc',NULL,'eb6db611-d763-438c-9246-7e6c1823f121','Thêm sản phẩm','Thêm sản phẩm Sản phẩm 4 (Màu: Hồng, Size: L) với số lượng 1, đơn giá 40,000 đ',1,'2025-04-17 16:26:24',NULL),('LSda1bea45','HD95aaeb8b',NULL,'eb6db611-d763-438c-9246-7e6c1823f121','Áp dụng voucher','Áp dụng voucher PG004 giảm 400,000 đ cho hóa đơn',1,'2025-04-01 17:52:40',NULL),('LSdad38888','HDb0ee41f6',NULL,'eb6db611-d763-438c-9246-7e6c1823f121','Cập nhật trạng thái hóa đơn','Cập nhật trạng thái: Chờ xác nhận',1,'2025-04-04 15:08:18','2025-04-04 15:08:18'),('LSdb7c6a62','546485e8',NULL,'eb6db611-d763-438c-9246-7e6c1823f121','Xóa sản phẩm','Xóa sản phẩm Sản phẩm 4 (Màu: Hồng, Size: L) - Số lượng: 2, Đơn giá: 40,000 đ',1,'2025-04-19 11:33:59',NULL),('LSdbc5c623','7dd3be64',NULL,'eb6db611-d763-438c-9246-7e6c1823f121','Cập nhật hình thức','Hóa đơn được cập nhật thành \'tại quay\'',1,NULL,'2025-04-19 17:57:41'),('LSdbc927b0','7dd3be64',NULL,'eb6db611-d763-438c-9246-7e6c1823f121','Cập nhật hình thức','Hóa đơn được cập nhật thành \'giao hàng\'',1,NULL,'2025-04-19 17:13:03'),('LSdc1b0da8','HDb0ee41f6',NULL,'eb6db611-d763-438c-9246-7e6c1823f121','Cập nhật số lượng sản phẩm','Cập nhật số lượng sản phẩm Sản phẩm test (Màu: Hồng, Size: L) từ 1 thành 2',1,'2025-04-04 15:29:27',NULL),('LSdc587238','HD519f8a17',NULL,'eb6db611-d763-438c-9246-7e6c1823f121','Xóa sản phẩm','Xóa sản phẩm Sản phẩm test (Màu: Hồng, Size: XXL) - Số lượng: 2, Đơn giá: 220,000 đ',1,'2025-04-11 19:44:40',NULL),('LSdcfbd24d','374df497',NULL,'eb6db611-d763-438c-9246-7e6c1823f121','Xác nhận thanh toán tự động','Tự động xác nhận thanh toán 40.000 ₫ qua Chuyển khoản ngân hàng khi đơn hàng được xác nhận',2,'2025-04-18 09:53:18',NULL),('LSdcfea6f8','HD01606d03',NULL,'eb6db611-d763-438c-9246-7e6c1823f121','Cập nhật trạng thái hóa đơn','Tạo hóa đơn mới',1,'2025-04-11 19:55:13',NULL),('LSdd1f3b9e','HD25506ef0',NULL,'eb6db611-d763-438c-9246-7e6c1823f121','Cập nhật trạng thái hóa đơn','Cập nhật trạng thái: Chờ xác nhận',1,'2025-04-04 17:48:54','2025-04-04 17:48:54'),('LSdd64ff28','HD25506ef0',NULL,'eb6db611-d763-438c-9246-7e6c1823f121','Cập nhật trạng thái hóa đơn','Cập nhật trạng thái: Đã xác nhận',2,'2025-04-04 17:48:40','2025-04-04 17:48:40'),('LSddd56685','374df497',NULL,'eb6db611-d763-438c-9246-7e6c1823f121','Cập nhật số lượng sản phẩm','Cập nhật số lượng sản phẩm Sản phẩm 4 (Màu: Hồng, Size: L) từ 2 thành 1',1,'2025-04-18 10:21:33',NULL),('LSddf7c479','546485e8',NULL,'eb6db611-d763-438c-9246-7e6c1823f121','Thêm nhiều sản phẩm','Thêm 2 sản phẩm vào đơn hàng',1,'2025-04-19 11:31:00',NULL),('LSde77fecc','c9183b91',NULL,'eb6db611-d763-438c-9246-7e6c1823f121','Cập nhật hình thức','Hóa đơn được cập nhật thành \'tại quay\'',1,NULL,'2025-04-18 15:57:54'),('LSdedf58a7','HD2e448207',NULL,'eb6db611-d763-438c-9246-7e6c1823f121','Cập nhật thông tin người nhận','Cập nhật thông tin người nhận: Khách hàng lẻ, SĐT: null',1,NULL,'2025-03-28 19:01:06'),('LSdf77fc1f','HDb0ee41f6',NULL,'eb6db611-d763-438c-9246-7e6c1823f121','Cập nhật trạng thái hóa đơn','Cập nhật trạng thái: Chờ xác nhận',1,'2025-04-04 17:11:36','2025-04-04 17:11:36'),('LSdfee3687','HD4e65d2d1',NULL,'eb6db611-d763-438c-9246-7e6c1823f121','Cập nhật trạng thái hóa đơn','Cập nhật trạng thái: Đã xác nhận',2,'2025-04-11 09:39:18','2025-04-11 09:39:18'),('LSe0096764','HD0a4523df',NULL,'eb6db611-d763-438c-9246-7e6c1823f121','Thanh toán hóa đơn','Thanh toán hóa đơn 190.000 ₫',1,'2025-04-03 17:16:17',NULL),('LSe0406b64','HDc1e8ad2e',NULL,'eb6db611-d763-438c-9246-7e6c1823f121','Cập nhật trạng thái hóa đơn','Tạo hóa đơn mới',1,'2025-04-11 10:41:42',NULL),('LSe092c25c','481c74ab',NULL,'eb6db611-d763-438c-9246-7e6c1823f121','Cập nhật trạng thái hóa đơn','Cập nhật trạng thái: Đã xác nhận',2,'2025-04-18 11:06:21','2025-04-18 11:06:21'),('LSe0d542bf','374df497',NULL,'eb6db611-d763-438c-9246-7e6c1823f121','Cập nhật số lượng sản phẩm','Cập nhật số lượng sản phẩm Sản phẩm 4 (Màu: Hồng, Size: L) từ 2 thành 1',1,'2025-04-18 10:20:27',NULL),('LSe1420fb8','HD4e65d2d1',NULL,'eb6db611-d763-438c-9246-7e6c1823f121','Cập nhật trạng thái hóa đơn','Cập nhật trạng thái: Hoàn thành',5,'2025-04-11 10:11:07','2025-04-11 10:11:07'),('LSe167a03b','HD2e448207',NULL,'eb6db611-d763-438c-9246-7e6c1823f121','Cập nhật trạng thái hóa đơn','Chuyển sang trạng thái Chờ xác nhận',1,NULL,'2025-03-29 15:06:43'),('LSe17f4954','59dd7242',NULL,'eb6db611-d763-438c-9246-7e6c1823f121','Cập nhật số lượng sản phẩm','Cập nhật số lượng sản phẩm Sản phẩm 4 (Màu: Hồng, Size: L) từ 2 thành 1',1,'2025-04-18 12:19:53',NULL),('LSe206de17','HD95aaeb8b',NULL,'eb6db611-d763-438c-9246-7e6c1823f121','Cập nhật trạng thái hóa đơn','Chuyển sang trạng thái Hoàn thành',5,NULL,'2025-04-01 18:55:20'),('LSe2176f8c','HDc1e8ad2e',NULL,'eb6db611-d763-438c-9246-7e6c1823f121','Thêm sản phẩm','Đã thêm sản phẩm: Sản phẩm test (1)',1,'2025-04-11 10:41:48',NULL),('LSe2ae2abf','HDaf109366',NULL,'eb6db611-d763-438c-9246-7e6c1823f121','Cập nhật thông tin người nhận','Cập nhật thông tin người nhận: Khách hàng lẻ, Địa chỉ: Số 1, 381113, 2152, 207, SĐT: ',1,NULL,'2025-04-09 11:59:20'),('LSe2ee3e18','HD1400166c',NULL,'eb6db611-d763-438c-9246-7e6c1823f121','Cập nhật trạng thái hóa đơn','Cập nhật trạng thái: Chờ xác nhận',1,'2025-04-04 13:03:35','2025-04-04 13:03:35'),('LSe33ab6fc','HDb0ee41f6',NULL,'eb6db611-d763-438c-9246-7e6c1823f121','Hủy hóa đơn','Hóa đơn bị hủy: CHán',6,'2025-04-04 17:45:49',NULL),('LSe36df8b6','020f1d8b',NULL,'eb6db611-d763-438c-9246-7e6c1823f121','Thêm sản phẩm','Thêm sản phẩm Sản phẩm test (Màu: Hồng, Size: L) với số lượng 1, đơn giá 200,000 đ',1,'2025-04-17 15:55:08',NULL),('LSe3a7ace1','HD9c62d1df',NULL,'eb6db611-d763-438c-9246-7e6c1823f121','Cập nhật trạng thái hóa đơn','Cập nhật trạng thái: Chờ giao hàng',3,'2025-04-04 07:41:23','2025-04-04 07:41:23'),('LSe4626162','HD1400166c',NULL,'eb6db611-d763-438c-9246-7e6c1823f121','Thanh toán hóa đơn','Thanh toán hóa đơn 410.000 ₫',1,'2025-04-04 13:02:04',NULL),('LSe46ce071','HD519f8a17',NULL,'eb6db611-d763-438c-9246-7e6c1823f121','Cập nhật trạng thái hóa đơn','Cập nhật trạng thái: Đang giao',4,'2025-04-11 19:45:01','2025-04-11 19:45:01'),('LSe4bad469','7dd3be64',NULL,'eb6db611-d763-438c-9246-7e6c1823f121','Cập nhật hình thức','Hóa đơn được cập nhật thành \'giao hàng\'',1,NULL,'2025-04-19 17:09:37'),('LSe556ceed','HD0a4523df',NULL,'eb6db611-d763-438c-9246-7e6c1823f121','Thêm sản phẩm','Thêm sản phẩm Sản phẩm test (Màu: Hồng, Size: L) với số lượng 1, đơn giá 220,000 đ',1,'2025-04-03 17:54:15',NULL),('LSe646f164','2294890a',NULL,'eb6db611-d763-438c-9246-7e6c1823f121','Thêm sản phẩm','Thêm sản phẩm Sản phẩm test (Màu: Hồng, Size: L) với số lượng 1, đơn giá 200,000 đ',1,'2025-04-17 03:31:32',NULL),('LSe64e4466','178390f6-fddc-4fbf-bbbd-23fd0fd221ff',NULL,'eb6db611-d763-438c-9246-7e6c1823f121','Cập nhật trạng thái hóa đơn','Tạo hóa đơn mới',1,'2025-04-16 15:59:52',NULL),('LSe6aef47f','77cb7dcb',NULL,'eb6db611-d763-438c-9246-7e6c1823f121','Thêm sản phẩm','Thêm sản phẩm Sản phẩm test (Màu: Hồng, Size: L) với số lượng 1, đơn giá 200,000 đ',1,'2025-04-19 08:53:04',NULL),('LSe7757c45','HDdaffa8f9',NULL,'eb6db611-d763-438c-9246-7e6c1823f121','Cập nhật trạng thái hóa đơn','Cập nhật trạng thái: Chờ giao hàng',3,'2025-04-03 22:08:11','2025-04-03 22:08:11'),('LSe78dafed','HDdaffa8f9',NULL,'eb6db611-d763-438c-9246-7e6c1823f121','Cập nhật trạng thái hóa đơn','Cập nhật trạng thái: Đang giao',4,'2025-04-03 21:51:17','2025-04-03 21:51:17'),('LSe7a8c131','HD4e65d2d1',NULL,'eb6db611-d763-438c-9246-7e6c1823f121','Tự động áp dụng voucher','Tự động áp dụng voucher tốt nhất PGG-C5BD7FBF: 12% (tối đa 15,000,000,000 đ), giảm 2,400,000 đ',1,'2025-04-10 07:04:28',NULL),('LSe7d4343e','7dd3be64',NULL,'eb6db611-d763-438c-9246-7e6c1823f121','Cập nhật hình thức','Hóa đơn được cập nhật thành \'giao hàng\'',1,NULL,'2025-04-19 17:09:23'),('LSe7d71264','7dd3be64',NULL,'eb6db611-d763-438c-9246-7e6c1823f121','Cập nhật hình thức','Hóa đơn được cập nhật thành \'tại quay\'',1,NULL,'2025-04-19 17:05:55'),('LSe88811ad','7dd3be64',NULL,'eb6db611-d763-438c-9246-7e6c1823f121','Cập nhật hình thức','Hóa đơn được cập nhật thành \'tại quay\'',1,NULL,'2025-04-19 17:31:45'),('LSe88e4fcd','39cc6594',NULL,'eb6db611-d763-438c-9246-7e6c1823f121','Cập nhật trạng thái hóa đơn','Chuyển trạng thái: Hoàn thành',5,'2025-04-17 03:30:58',NULL),('LSe9454cd2','HD519f8a17',NULL,'eb6db611-d763-438c-9246-7e6c1823f121','Cập nhật trạng thái hóa đơn','Cập nhật trạng thái: Chờ xác nhận',1,'2025-04-10 06:36:53','2025-04-10 06:36:53'),('LSe979b271','7dd3be64',NULL,'eb6db611-d763-438c-9246-7e6c1823f121','Cập nhật hình thức','Hóa đơn được cập nhật thành \'giao hàng\'',1,NULL,'2025-04-19 17:05:59'),('LSe9f09e66','7dd3be64',NULL,'eb6db611-d763-438c-9246-7e6c1823f121','Thêm sản phẩm','Thêm sản phẩm Sản phẩm 4 (Màu: Hồng, Size: L) với số lượng 1, đơn giá 40,000 đ',1,'2025-04-19 18:34:06',NULL),('LSe9f9124e','c9183b91',NULL,'eb6db611-d763-438c-9246-7e6c1823f121','Cập nhật hình thức','Hóa đơn được cập nhật thành \'tại quay\'',1,NULL,'2025-04-18 15:22:47'),('LSeab8bfc7','HDdaffa8f9',NULL,'eb6db611-d763-438c-9246-7e6c1823f121','Áp dụng voucher','Áp dụng voucher PGG-030F126D giảm 2,132 đ cho hóa đơn',1,'2025-04-03 19:56:25',NULL),('LSeb003821','HD01606d03',NULL,'eb6db611-d763-438c-9246-7e6c1823f121','Thanh toán phụ phí','Thanh toán phụ phí 220.000 ₫ - Thanh toán bổ sung khi xác nhận đơn hàng',1,'2025-04-11 19:55:56',NULL),('LSeb12da90','c9183b91',NULL,'eb6db611-d763-438c-9246-7e6c1823f121','Cập nhật hình thức','Hóa đơn được cập nhật thành \'giao hàng\'',1,NULL,'2025-04-18 15:21:20'),('LSebaa41f5','178390f6-fddc-4fbf-bbbd-23fd0fd221ff',NULL,'eb6db611-d763-438c-9246-7e6c1823f121','Thêm nhiều sản phẩm','Thêm 2 sản phẩm vào đơn hàng',1,'2025-04-16 16:00:02',NULL),('LSebb6eada','374df497',NULL,'eb6db611-d763-438c-9246-7e6c1823f121','Cập nhật trạng thái hóa đơn','Tạo hóa đơn mới',1,'2025-04-18 09:17:23',NULL),('LSec0dc4ce','HD2bca696f',NULL,'eb6db611-d763-438c-9246-7e6c1823f121','Cập nhật trạng thái hóa đơn','Cập nhật trạng thái: Chờ giao hàng',3,'2025-04-04 09:32:33','2025-04-04 09:32:33'),('LSec74686a','546485e8',NULL,'eb6db611-d763-438c-9246-7e6c1823f121','Thêm nhiều sản phẩm','Thêm 2 sản phẩm vào đơn hàng',1,'2025-04-19 11:29:45',NULL),('LSecdd3cca','HD9f08dcfc',NULL,'eb6db611-d763-438c-9246-7e6c1823f121','Thêm sản phẩm','Đã thêm sản phẩm: Sản phẩm test (1)',1,'2025-04-11 09:03:39',NULL),('LSed0570b2','HDdaffa8f9',NULL,'eb6db611-d763-438c-9246-7e6c1823f121','Thanh toán hóa đơn','Thanh toán hóa đơn 200.000 ₫',1,'2025-04-03 18:16:05',NULL),('LSee9c4c72','HD2e448207',NULL,'eb6db611-d763-438c-9246-7e6c1823f121','Cập nhật thông tin người nhận','Cập nhật thông tin người nhận: Khách hàng lẻ, SĐT: null',NULL,NULL,'2025-03-29 15:50:24'),('LSee9dee7b','HDf51574d6',NULL,'eb6db611-d763-438c-9246-7e6c1823f121','Cập nhật số lượng sản phẩm','Cập nhật số lượng sản phẩm Sản phẩm test (Màu: Hồng, Size: L) từ 1 thành 10',1,'2025-04-11 08:33:46',NULL),('LSeef09669','c9183b91',NULL,'eb6db611-d763-438c-9246-7e6c1823f121','Cập nhật hình thức','Hóa đơn được cập nhật thành \'giao hàng\'',1,NULL,'2025-04-18 15:09:52'),('LSeef172ee','HDaf109366',NULL,'eb6db611-d763-438c-9246-7e6c1823f121','Cập nhật thông tin người nhận','Cập nhật thông tin người nhận: Khách hàng lẻ, Địa chỉ: Số 1, 91275, 3303, 201, SĐT: ',1,NULL,'2025-04-09 11:49:51'),('LSef3b4849','7dd3be64',NULL,'eb6db611-d763-438c-9246-7e6c1823f121','Cập nhật hình thức','Hóa đơn được cập nhật thành \'tại quay\'',1,NULL,'2025-04-19 18:27:08'),('LSef8262be','7dd3be64',NULL,'eb6db611-d763-438c-9246-7e6c1823f121','Cập nhật hình thức','Hóa đơn được cập nhật thành \'giao hàng\'',1,NULL,'2025-04-19 16:59:05'),('LSef91a9bc','HDdaffa8f9',NULL,'eb6db611-d763-438c-9246-7e6c1823f121','Xóa voucher','Đã xóa voucher tên Phiếu giảm giá cho thinh22 với mã PGG-030F126D (giảm 2,132 đ) khỏi hóa đơn',1,'2025-04-03 21:34:44',NULL),('LSefdc74ce','HD54d72f45',NULL,'eb6db611-d763-438c-9246-7e6c1823f121','Hủy hóa đơn','Hóa đơn bị hủy: Không có lý do',6,'2025-04-08 13:12:58',NULL),('LSf062f0c8','HD54d72f45',NULL,'eb6db611-d763-438c-9246-7e6c1823f121','Cập nhật trạng thái hóa đơn','Tạo hóa đơn mới',1,'2025-04-08 13:12:23',NULL),('LSf0e535e9','HDb0ee41f6',NULL,'eb6db611-d763-438c-9246-7e6c1823f121','Xóa sản phẩm','Xóa sản phẩm Sản phẩm test (Màu: Hồng, Size: XXL) - Số lượng: 3, Đơn giá: 220,000 đ',1,'2025-04-04 15:09:20',NULL),('LSf10743b1','7dd3be64',NULL,'eb6db611-d763-438c-9246-7e6c1823f121','Cập nhật hình thức','Hóa đơn được cập nhật thành \'tại quay\'',1,NULL,'2025-04-19 17:03:35'),('LSf12551e0','HDa96829a3',NULL,'eb6db611-d763-438c-9246-7e6c1823f121','Thêm sản phẩm','Đã thêm sản phẩm: Sản phẩm test (1)',1,'2025-04-06 09:54:01',NULL),('LSf1a09ab0','HD2e448207',NULL,'eb6db611-d763-438c-9246-7e6c1823f121','Cập nhật trạng thái hóa đơn','Tạo hóa đơn mới',1,'2025-03-27 18:09:45',NULL),('LSf1c06855','64ce7ebf-3149-462e-b199-f8ea168ed615',NULL,'eb6db611-d763-438c-9246-7e6c1823f121','Hủy hóa đơn','Hóa đơn bị hủy: Không có lý do',6,'2025-04-16 15:59:54',NULL),('LSf276e992','HD894923d8',NULL,'eb6db611-d763-438c-9246-7e6c1823f121','Cập nhật trạng thái hóa đơn','Tạo hóa đơn mới',1,'2025-04-01 19:09:12',NULL),('LSf2b36dc5','e8a0cf46',NULL,'eb6db611-d763-438c-9246-7e6c1823f121','Hủy hóa đơn','Hóa đơn bị hủy: Không có lý do',6,'2025-04-17 03:50:14',NULL),('LSf2ba9848','HD9f08dcfc',NULL,'eb6db611-d763-438c-9246-7e6c1823f121','Cập nhật hình thức','Hóa đơn được cập nhật thành \'giao hàng\'',1,NULL,'2025-04-11 09:03:48'),('LSf3722c98','481c74ab',NULL,'eb6db611-d763-438c-9246-7e6c1823f121','Cập nhật số lượng sản phẩm','Cập nhật số lượng sản phẩm Sản phẩm test (Màu: Hồng, Size: L) từ 1 thành 2',1,'2025-04-18 11:04:18',NULL),('LSf40570cd','7dd3be64',NULL,'eb6db611-d763-438c-9246-7e6c1823f121','Cập nhật hình thức','Hóa đơn được cập nhật thành \'giao hàng\'',1,NULL,'2025-04-19 17:04:09'),('LSf4b77990','020f1d8b',NULL,NULL,'Cập nhật thanh toán VNPAY','Thanh toán qua VNPAY thành công: 240.000 ₫',1,'2025-04-17 15:55:58',NULL),('LSf506c088','HDdaffa8f9',NULL,'eb6db611-d763-438c-9246-7e6c1823f121','Cập nhật trạng thái hóa đơn','Cập nhật trạng thái: Chờ xác nhận',1,'2025-04-03 18:52:43','2025-04-03 18:52:43'),('LSf52eab07','2294890a',NULL,'eb6db611-d763-438c-9246-7e6c1823f121','Thanh toán phụ phí','Thanh toán phụ phí 40.000 ₫ - Thanh toán bổ sung khi xác nhận đơn hàng',1,'2025-04-17 03:45:31',NULL),('LSf5720c66','HD95aaeb8b',NULL,'eb6db611-d763-438c-9246-7e6c1823f121','Cập nhật trạng thái hóa đơn','Chuyển sang trạng thái Đang giao',4,NULL,'2025-04-01 18:54:54'),('LSf580c55c','7dd3be64',NULL,'eb6db611-d763-438c-9246-7e6c1823f121','Cập nhật hình thức','Hóa đơn được cập nhật thành \'tại quay\'',1,NULL,'2025-04-19 17:02:44'),('LSf5bf589f','HDc86bfeb2',NULL,'eb6db611-d763-438c-9246-7e6c1823f121','Cập nhật trạng thái hóa đơn','Cập nhật trạng thái: Đang giao',4,'2025-04-08 15:14:04','2025-04-08 15:14:04'),('LSf65e2797','HD4e65d2d1',NULL,'eb6db611-d763-438c-9246-7e6c1823f121','Hoàn tiền','Hoàn tiền thừa 7.600.000 ₫ cho khách hàng: Điều chỉnh thanh toán sau khi hoàn thành đơn hàng',5,'2025-04-11 09:39:27',NULL),('LSf6d3e7a4','HD4e65d2d1',NULL,'eb6db611-d763-438c-9246-7e6c1823f121','Thêm sản phẩm','Đã thêm sản phẩm: Sản phẩm 6 (1)',1,'2025-04-10 07:04:17',NULL),('LSf6ec0ef3','HD1400166c',NULL,'eb6db611-d763-438c-9246-7e6c1823f121','Thêm sản phẩm','Thêm sản phẩm Sản phẩm 4 (Màu: Hồng, Size: L) với số lượng 1, đơn giá 2,000 đ',1,'2025-04-04 14:16:38',NULL),('LSf71dbaf9','7dd3be64',NULL,'eb6db611-d763-438c-9246-7e6c1823f121','Thêm sản phẩm','Thêm sản phẩm Sản phẩm 5 (Màu: Xanh lá, Size: XXL) với số lượng 1, đơn giá 2,002,000 đ',1,'2025-04-19 18:34:05',NULL),('LSf73fdd0a','HD9f08dcfc',NULL,'eb6db611-d763-438c-9246-7e6c1823f121','Cập nhật trạng thái hóa đơn','Cập nhật trạng thái: Đã xác nhận',2,'2025-04-11 09:04:28','2025-04-11 09:04:28'),('LSf7ad4e58','e6c499e3',NULL,'eb6db611-d763-438c-9246-7e6c1823f121','Hủy hóa đơn','Hóa đơn bị hủy: Không có lý do',6,'2025-04-19 06:49:05',NULL),('LSf7e3274e','HD519f8a17',NULL,'eb6db611-d763-438c-9246-7e6c1823f121','Áp dụng voucher','Áp dụng voucher PGG-C5BD7FBF giảm 2,428,800 đ cho hóa đơn',1,'2025-04-10 07:03:53',NULL),('LSf8f5950c','7dd3be64',NULL,'eb6db611-d763-438c-9246-7e6c1823f121','Cập nhật hình thức','Hóa đơn được cập nhật thành \'tại quay\'',1,NULL,'2025-04-19 17:13:02'),('LSf93b98a7','7dd3be64',NULL,'eb6db611-d763-438c-9246-7e6c1823f121','Cập nhật hình thức','Hóa đơn được cập nhật thành \'tại quay\'',1,NULL,'2025-04-19 17:57:33'),('LSf9ad76f8','HDc1e8ad2e',NULL,'eb6db611-d763-438c-9246-7e6c1823f121','Thêm sản phẩm','Đã thêm sản phẩm: Sản phẩm 1 (1)',1,'2025-04-11 10:41:50',NULL),('LSf9d32dfc','c9183b91',NULL,'eb6db611-d763-438c-9246-7e6c1823f121','Cập nhật hình thức','Hóa đơn được cập nhật thành \'tại quay\'',1,NULL,'2025-04-18 15:22:51'),('LSf9eaac97','7dd3be64',NULL,'eb6db611-d763-438c-9246-7e6c1823f121','Cập nhật hình thức','Hóa đơn được cập nhật thành \'giao hàng\'',1,NULL,'2025-04-19 17:10:16'),('LSfa15bf21','HD4e65d2d1',NULL,'eb6db611-d763-438c-9246-7e6c1823f121','Cập nhật trạng thái hóa đơn','Cập nhật trạng thái: Chờ xác nhận',1,'2025-04-11 10:10:37','2025-04-11 10:10:37'),('LSfa820d5f','HDb0ee41f6',NULL,'eb6db611-d763-438c-9246-7e6c1823f121','Xóa sản phẩm','Xóa sản phẩm Sản phẩm test (Màu: Hồng, Size: L) - Số lượng: 2, Đơn giá: 200,000 đ',1,'2025-04-04 15:27:22',NULL),('LSfa90f312','HD4e65d2d1',NULL,'eb6db611-d763-438c-9246-7e6c1823f121','Cập nhật hình thức','Hóa đơn được cập nhật thành \'tại quay\'',1,NULL,'2025-04-11 09:38:42'),('LSfabd45d2','HD2e448207',NULL,'eb6db611-d763-438c-9246-7e6c1823f121','Cập nhật thông tin người nhận','Cập nhật thông tin người nhận: Khách hàng lẻ, SĐT: null',1,NULL,'2025-03-28 18:33:28'),('LSfb02e20c','HD3f7f95a5',NULL,'eb6db611-d763-438c-9246-7e6c1823f121','Thanh toán phụ phí','Thanh toán phụ phí 20.000 ₫ - Thanh toán bổ sung khi xác nhận đơn hàng',1,'2025-04-11 19:53:37',NULL),('LSfb69b457','HD0a4523df',NULL,'eb6db611-d763-438c-9246-7e6c1823f121','Thanh toán bổ sung','Thanh toán bổ sung 220.000 ₫',1,'2025-04-03 17:54:41',NULL),('LSfbc142e9','HD2e448207',NULL,'eb6db611-d763-438c-9246-7e6c1823f121','Hủy hóa đơn','Hóa đơn bị hủy: Không có nhiều tiền',6,'2025-04-01 16:25:47',NULL),('LSfbedf40a','546485e8',NULL,'eb6db611-d763-438c-9246-7e6c1823f121','Cập nhật số lượng sản phẩm','Cập nhật số lượng sản phẩm Sản phẩm 4 (Màu: Hồng, Size: L) từ 2 thành 1',1,'2025-04-19 11:30:46',NULL),('LSfca9b3a3','HD1400166c',NULL,'eb6db611-d763-438c-9246-7e6c1823f121','Thêm sản phẩm','Thêm sản phẩm Sản phẩm test (Màu: Hồng, Size: XXL) với số lượng 1, đơn giá 190,000 đ',1,'2025-04-04 12:56:21',NULL),('LSfcae1287','4eb43f58',NULL,'eb6db611-d763-438c-9246-7e6c1823f121','Cập nhật trạng thái hóa đơn','Chuyển trạng thái: Hoàn thành',5,'2025-04-19 16:56:51',NULL),('LSfcbcd78d','7dd3be64',NULL,'eb6db611-d763-438c-9246-7e6c1823f121','Cập nhật hình thức','Hóa đơn được cập nhật thành \'giao hàng\'',1,NULL,'2025-04-19 17:31:46'),('LSfd5634b9','HDd818c613',NULL,'eb6db611-d763-438c-9246-7e6c1823f121','Cập nhật hình thức','Hóa đơn được cập nhật thành \'tại quay\'',1,NULL,'2025-04-08 13:12:17'),('LSfda15049','HD0a4523df',NULL,'eb6db611-d763-438c-9246-7e6c1823f121','Cập nhật trạng thái hóa đơn','Cập nhật trạng thái: Đang giao',4,'2025-04-03 17:55:18','2025-04-03 17:55:18'),('LSfdbd01c8','546485e8',NULL,'eb6db611-d763-438c-9246-7e6c1823f121','Cập nhật số lượng sản phẩm','Cập nhật số lượng sản phẩm Sản phẩm 4 (Màu: Hồng, Size: L) từ 4 thành 3',1,'2025-04-19 11:30:46',NULL),('LSfdf8333f','374df497',NULL,'eb6db611-d763-438c-9246-7e6c1823f121','Cập nhật số lượng sản phẩm','Cập nhật số lượng sản phẩm Sản phẩm 4 (Màu: Hồng, Size: L) từ 1 thành 2',1,'2025-04-18 10:21:50',NULL),('LSfe13bd43','HD01606d03',NULL,'eb6db611-d763-438c-9246-7e6c1823f121','Cập nhật trạng thái hóa đơn','Cập nhật trạng thái: Đã xác nhận',2,'2025-04-11 19:56:34','2025-04-11 19:56:34'),('LSfe7c170b','HD4e65d2d1',NULL,'eb6db611-d763-438c-9246-7e6c1823f121','Cập nhật trạng thái hóa đơn','Tạo hóa đơn mới',1,'2025-04-10 07:04:06',NULL),('LSfe92f609','546485e8',NULL,'eb6db611-d763-438c-9246-7e6c1823f121','Thêm sản phẩm','Thêm sản phẩm Sản phẩm 4 (Màu: Đỏ, Size: L) với số lượng 1, đơn giá 200,000 đ',1,'2025-04-19 11:34:11',NULL),('LSff0c4100','HD0a4523df',NULL,'eb6db611-d763-438c-9246-7e6c1823f121','Thêm sản phẩm','Thêm sản phẩm Sản phẩm test (Màu: Hồng, Size: XXL) với số lượng 1, đơn giá 190,000 đ',1,'2025-04-03 17:16:06',NULL),('LSff23ba62','HD9c62d1df',NULL,'eb6db611-d763-438c-9246-7e6c1823f121','Thêm sản phẩm','Thêm sản phẩm Sản phẩm 1 (Màu: Xanh lá, Size: XXL) với số lượng 1, đơn giá 200,000 đ',1,'2025-04-04 07:40:55',NULL),('LSff72abec','HD0a4523df',NULL,'eb6db611-d763-438c-9246-7e6c1823f121','Thêm sản phẩm','Thêm sản phẩm Sản phẩm 4 (Màu: Hồng, Size: L) với số lượng 1, đơn giá 2,000 đ',1,'2025-04-03 17:16:54',NULL),('LSffc2a94c','HD2bca696f',NULL,'eb6db611-d763-438c-9246-7e6c1823f121','Cập nhật trạng thái hóa đơn','Cập nhật trạng thái: Chờ giao hàng',3,'2025-04-04 07:58:53','2025-04-04 07:58:53');
/*!40000 ALTER TABLE `lich_su_hoa_don` ENABLE KEYS */;
UNLOCK TABLES;

--
-- Table structure for table `mau_sac`
--

DROP TABLE IF EXISTS `mau_sac`;
/*!40101 SET @saved_cs_client     = @@character_set_client */;
/*!50503 SET character_set_client = utf8mb4 */;
CREATE TABLE `mau_sac` (
  `id` varchar(255) NOT NULL,
  `ma_mau` varchar(50) DEFAULT NULL,
  `ten_mau` varchar(255) DEFAULT NULL,
  `mo_ta` varchar(255) DEFAULT NULL,
  `trang_thai` bit(1) DEFAULT NULL,
  `ngay_tao` timestamp NULL DEFAULT CURRENT_TIMESTAMP,
  PRIMARY KEY (`id`),
  UNIQUE KEY `ma_mau` (`ma_mau`)
) ENGINE=InnoDB DEFAULT CHARSET=utf8mb4 COLLATE=utf8mb4_0900_ai_ci;
/*!40101 SET character_set_client = @saved_cs_client */;

--
-- Dumping data for table `mau_sac`
--

LOCK TABLES `mau_sac` WRITE;
/*!40000 ALTER TABLE `mau_sac` DISABLE KEYS */;
INSERT INTO `mau_sac` VALUES ('7ca6f090-d8d5-4f25-8572-de1ebd29f6da','#f31cdd','Hồng','ok',_binary '','2025-02-18 17:11:45'),('99549c36-8470-4fd0-afdc-7815c13854f8','#70ab2e','Xanh lá','ok',_binary '','2025-02-18 17:11:45'),('f82d423c-5ee3-4b25-b87f-94deb47e4316','#dd2a2a','Đỏ','ok',_binary '','2025-02-18 17:11:45');
/*!40000 ALTER TABLE `mau_sac` ENABLE KEYS */;
UNLOCK TABLES;

--
-- Table structure for table `nhan_vien`
--

DROP TABLE IF EXISTS `nhan_vien`;
/*!40101 SET @saved_cs_client     = @@character_set_client */;
/*!50503 SET character_set_client = utf8mb4 */;
CREATE TABLE `nhan_vien` (
  `id` varchar(255) NOT NULL,
  `ma_nhan_vien` varchar(50) DEFAULT NULL,
  `ten_nhan_vien` varchar(255) DEFAULT NULL,
  `ngay_sinh` date DEFAULT NULL,
  `mo_ta` varchar(255) DEFAULT NULL,
  `trang_thai` bit(1) DEFAULT NULL,
  `gioi_tinh` bit(1) DEFAULT NULL,
  `so_dien_thoai` varchar(10) DEFAULT NULL,
  `email` varchar(255) DEFAULT NULL,
  `ngay_tao` timestamp NULL DEFAULT CURRENT_TIMESTAMP,
  `ngay_sua` timestamp NULL DEFAULT NULL,
  `nguoi_tao` varchar(255) DEFAULT NULL,
  `nguoi_sua` varchar(255) DEFAULT NULL,
  `id_tai_khoan` varchar(255) DEFAULT NULL,
  `anh` varchar(255) DEFAULT NULL,
  `can_cuoc_cong_dan` varchar(45) DEFAULT NULL,
  `tinh` varchar(45) DEFAULT NULL,
  `huyen` varchar(45) DEFAULT NULL,
  `xa` varchar(45) DEFAULT NULL,
  `dia_chi_cu_the` varchar(45) DEFAULT NULL,
  PRIMARY KEY (`id`),
  KEY `fk_id_tai_khoan_nhan_vien` (`id_tai_khoan`),
  CONSTRAINT `fk_id_tai_khoan_nhan_vien` FOREIGN KEY (`id_tai_khoan`) REFERENCES `tai_khoan` (`id`) ON DELETE CASCADE ON UPDATE CASCADE
) ENGINE=InnoDB DEFAULT CHARSET=utf8mb4 COLLATE=utf8mb4_0900_ai_ci;
/*!40101 SET character_set_client = @saved_cs_client */;

--
-- Dumping data for table `nhan_vien`
--

LOCK TABLES `nhan_vien` WRITE;
/*!40000 ALTER TABLE `nhan_vien` DISABLE KEYS */;
INSERT INTO `nhan_vien` VALUES ('1','NV001','Nguyễn Văn Nam','2004-04-03',NULL,_binary '',_binary '','0931713350','vnv@gmail.com','2025-01-19 14:36:25',NULL,NULL,NULL,NULL,NULL,NULL,NULL,NULL,NULL,NULL),('5b0b6fa3-b765-4444-aa3e-27fbcab64d32','NV07','Ngô Dương Nghĩa','2004-07-27',NULL,_binary '',_binary '','0931713356','nghiand@gmail.com','2025-02-16 12:45:54',NULL,NULL,NULL,NULL,'https://res.cloudinary.com/dhh5mdeqo/image/upload/v1739709911/Banner_faliyk.jpg',NULL,NULL,NULL,NULL,NULL),('67d09293-f7ca-43d1-a75e-2f222586c5d8','NV05','Hoàng Ngọc Quân','2000-02-02',NULL,_binary '',_binary '\0','0931713353','quanhn@gmail.com','2025-02-16 12:43:54',NULL,NULL,NULL,NULL,'https://res.cloudinary.com/dhh5mdeqo/image/upload/v1739709806/slide3_pjpvuk.webp',NULL,NULL,NULL,NULL,NULL),('6d91cdb0-744e-4f7e-9508-4278b5032c72','khanhnd0804','Nguyễn Duy Khánh','2020-04-08',NULL,_binary '',_binary '\0','0931713350','khanh@gmail.com','2025-04-16 14:38:20',NULL,NULL,NULL,NULL,'https://res.cloudinary.com/dhh5mdeqo/image/upload/v1744814280/Screenshot_1_ojn8jd.png','001203034456','265','2060','620201','Số 12, Nhà 2'),('8c3ede9f-791e-4233-ac60-ac58ef3f6bdf','NV002','Nguyễn Duy Khánh','2000-03-04',NULL,_binary '',_binary '','0368262198','abc@gmail.com','2025-02-14 05:03:57',NULL,NULL,NULL,NULL,NULL,NULL,NULL,NULL,NULL,NULL),('95e82544-7123-4aa0-934f-403d19cfdd09','NV03','Nguyễn Văn Nam','2004-08-03',NULL,_binary '',_binary '','0931713352','namnv@gmail.com','2025-02-16 12:43:02',NULL,NULL,NULL,NULL,'https://res.cloudinary.com/dhh5mdeqo/image/upload/v1739709749/sp4_uyba5l.jpg',NULL,NULL,NULL,NULL,NULL),('a9402ffd-8702-4759-9ddf-f8f09af72b9e','NV04','Nguyễn Duy Khánh','2000-02-12',NULL,_binary '',_binary '','0931713351','khanh@gmail.com','2025-02-16 12:29:27',NULL,NULL,NULL,NULL,'https://res.cloudinary.com/dhh5mdeqo/image/upload/v1739708927/sp6_fr3sfc.png',NULL,NULL,NULL,NULL,NULL),('eb6db611-d763-438c-9246-7e6c1823f121','NV007','Nông Tiến Thịnh','2002-03-13',NULL,_binary '',_binary '','0356245557','tienthinhkk@gmail.com','2025-03-08 18:00:26',NULL,NULL,NULL,'123123awdasd','https://res.cloudinary.com/dhh5mdeqo/image/upload/v1739708927/sp6_fr3sfc.png',NULL,NULL,NULL,NULL,NULL),('eb6db611-d763-438c-9246-7e6c1823fee4','NV06','Lâm Bảo Ngọc','2000-09-08',NULL,_binary '',_binary '\0','0931713354','ngoclb@gmail.com','2025-02-16 12:44:48',NULL,NULL,NULL,NULL,'https://res.cloudinary.com/dhh5mdeqo/image/upload/v1739709852/Sale_vg284n.webp',NULL,NULL,NULL,NULL,NULL);
/*!40000 ALTER TABLE `nhan_vien` ENABLE KEYS */;
UNLOCK TABLES;

--
-- Table structure for table `phieu_giam_gia`
--

DROP TABLE IF EXISTS `phieu_giam_gia`;
/*!40101 SET @saved_cs_client     = @@character_set_client */;
/*!50503 SET character_set_client = utf8mb4 */;
CREATE TABLE `phieu_giam_gia` (
  `id` varchar(255) NOT NULL,
  `ma_phieu_giam_gia` varchar(50) DEFAULT NULL,
  `ten_phieu_giam_gia` varchar(255) CHARACTER SET utf8mb3 COLLATE utf8mb3_general_ci DEFAULT NULL,
  `loai_phieu_giam_gia` int DEFAULT NULL,
  `kieu_giam_gia` int DEFAULT NULL,
  `gia_tri_giam` decimal(15,0) DEFAULT NULL,
  `gia_tri_toi_thieu` decimal(15,0) DEFAULT NULL,
  `so_tien_giam_toi_da` decimal(15,0) DEFAULT NULL,
  `ngay_bat_dau` datetime DEFAULT NULL,
  `ngay_ket_thuc` datetime DEFAULT NULL,
  `so_luong` int DEFAULT NULL,
  `mo_ta` text,
  `trang_thai` int DEFAULT NULL,
  `ngay_tao` timestamp NULL DEFAULT CURRENT_TIMESTAMP,
  `ngay_sua` timestamp NULL DEFAULT NULL,
  `nguoi_tao` varchar(255) CHARACTER SET utf8mb3 COLLATE utf8mb3_general_ci DEFAULT NULL,
  `nguoi_sua` varchar(255) CHARACTER SET utf8mb3 COLLATE utf8mb3_general_ci DEFAULT NULL,
  PRIMARY KEY (`id`),
  UNIQUE KEY `ma_phieu_giam_gia` (`ma_phieu_giam_gia`)
) ENGINE=InnoDB DEFAULT CHARSET=utf8mb4 COLLATE=utf8mb4_0900_ai_ci;
/*!40101 SET character_set_client = @saved_cs_client */;

--
-- Dumping data for table `phieu_giam_gia`
--

LOCK TABLES `phieu_giam_gia` WRITE;
/*!40000 ALTER TABLE `phieu_giam_gia` DISABLE KEYS */;
INSERT INTO `phieu_giam_gia` VALUES ('94dd1040-1f17-4c97-9cf4-e15a4a29d996','PGG-8B689EE0','phieu 2',2,2,15,160000,180000000,'2025-04-10 12:17:57','2026-04-10 12:23:09',1991,'ko',1,'2025-04-10 05:15:30',NULL,NULL,NULL),('a102ba24-c7b1-488d-87d6-4e35351ecdc6','PGG-C5BD7FBF','phieu 1',1,1,12,12000000,15000000000,'2025-04-10 12:15:30','2026-04-11 00:00:00',994,'ko',1,'2025-04-10 05:13:46',NULL,NULL,NULL),('dcb2b906-808d-4758-8d02-eae18fe42e39','PGG-B5C1035C','Phiếu giảm giá cho huy',1,1,14,140000,150000,'2025-04-19 15:53:46','2025-04-20 00:00:00',0,'ko',2,'2025-04-19 08:52:26',NULL,NULL,NULL);
/*!40000 ALTER TABLE `phieu_giam_gia` ENABLE KEYS */;
UNLOCK TABLES;

--
-- Table structure for table `phieu_giam_gia_khach_hang`
--

DROP TABLE IF EXISTS `phieu_giam_gia_khach_hang`;
/*!40101 SET @saved_cs_client     = @@character_set_client */;
/*!50503 SET character_set_client = utf8mb4 */;
CREATE TABLE `phieu_giam_gia_khach_hang` (
  `id` varchar(255) NOT NULL,
  `id_phieu_giam_gia` varchar(255) DEFAULT NULL,
  `id_khach_hang` varchar(255) DEFAULT NULL,
  `trang_thai` bit(1) DEFAULT NULL,
  `ngay_tao` timestamp NULL DEFAULT CURRENT_TIMESTAMP,
  `ngay_sua` timestamp NULL DEFAULT NULL,
  `nguoi_tao` varchar(255) CHARACTER SET utf8mb3 COLLATE utf8mb3_general_ci DEFAULT NULL,
  `nguoi_sua` varchar(255) CHARACTER SET utf8mb3 COLLATE utf8mb3_general_ci DEFAULT NULL,
  PRIMARY KEY (`id`),
  KEY `id_phieu_giam_gia` (`id_phieu_giam_gia`),
  KEY `id_khach_hang` (`id_khach_hang`),
  CONSTRAINT `phieu_giam_gia_khach_hang_ibfk_1` FOREIGN KEY (`id_phieu_giam_gia`) REFERENCES `phieu_giam_gia` (`id`) ON DELETE CASCADE ON UPDATE CASCADE,
  CONSTRAINT `phieu_giam_gia_khach_hang_ibfk_2` FOREIGN KEY (`id_khach_hang`) REFERENCES `khach_hang` (`id`) ON DELETE CASCADE ON UPDATE CASCADE
) ENGINE=InnoDB DEFAULT CHARSET=utf8mb4 COLLATE=utf8mb4_0900_ai_ci;
/*!40101 SET character_set_client = @saved_cs_client */;

--
-- Dumping data for table `phieu_giam_gia_khach_hang`
--

LOCK TABLES `phieu_giam_gia_khach_hang` WRITE;
/*!40000 ALTER TABLE `phieu_giam_gia_khach_hang` DISABLE KEYS */;
/*!40000 ALTER TABLE `phieu_giam_gia_khach_hang` ENABLE KEYS */;
UNLOCK TABLES;

--
-- Table structure for table `phuong_thuc_thanh_toan`
--

DROP TABLE IF EXISTS `phuong_thuc_thanh_toan`;
/*!40101 SET @saved_cs_client     = @@character_set_client */;
/*!50503 SET character_set_client = utf8mb4 */;
CREATE TABLE `phuong_thuc_thanh_toan` (
  `id` varchar(255) NOT NULL,
  `ma_phuong_thuc_thanh_toan` varchar(50) DEFAULT NULL,
  `ten_phuong_thuc_thanh_toan` varchar(255) DEFAULT NULL,
  `mo_ta` varchar(255) DEFAULT NULL,
  `trang_thai` bit(1) DEFAULT NULL,
  `ngay_tao` timestamp NULL DEFAULT CURRENT_TIMESTAMP,
  `ngay_sua` timestamp NULL DEFAULT NULL,
  `nguoi_tao` varchar(255) CHARACTER SET utf8mb3 COLLATE utf8mb3_general_ci DEFAULT NULL,
  `nguoi_sua` varchar(255) CHARACTER SET utf8mb3 COLLATE utf8mb3_general_ci DEFAULT NULL,
  `tong_tien` decimal(15,2) DEFAULT NULL,
  PRIMARY KEY (`id`),
  UNIQUE KEY `ma_phuong_thuc_thanh_toan` (`ma_phuong_thuc_thanh_toan`)
) ENGINE=InnoDB DEFAULT CHARSET=utf8mb4 COLLATE=utf8mb4_0900_ai_ci;
/*!40101 SET character_set_client = @saved_cs_client */;

--
-- Dumping data for table `phuong_thuc_thanh_toan`
--

LOCK TABLES `phuong_thuc_thanh_toan` WRITE;
/*!40000 ALTER TABLE `phuong_thuc_thanh_toan` DISABLE KEYS */;
INSERT INTO `phuong_thuc_thanh_toan` VALUES ('PTTT001','COD','Thanh toán trả sau','Thanh toán trực tiếp với nhân viên giao hàng',_binary '','2025-01-25 13:23:13',NULL,NULL,NULL,NULL),('PTTT002','BANK','Chuyển khoản ngân hàng','Thanh toán qua tài khoản ngân hàng',_binary '','2025-01-25 13:23:13',NULL,NULL,NULL,NULL),('PTTT003','CASH','Tiền mặt','Thanh toán trực tiếp với nhân viên',_binary '','2025-01-25 13:23:13',NULL,NULL,NULL,NULL),('PTTT004','VNPAY','Thanh toán bằng VnPay','Thanh toán qua VnPay',_binary '','2025-01-25 13:23:13',NULL,NULL,NULL,NULL);
/*!40000 ALTER TABLE `phuong_thuc_thanh_toan` ENABLE KEYS */;
UNLOCK TABLES;

--
-- Table structure for table `san_pham`
--

DROP TABLE IF EXISTS `san_pham`;
/*!40101 SET @saved_cs_client     = @@character_set_client */;
/*!50503 SET character_set_client = utf8mb4 */;
CREATE TABLE `san_pham` (
  `id` varchar(255) NOT NULL,
  `ma_san_pham` varchar(50) DEFAULT NULL,
  `ten_san_pham` varchar(255) DEFAULT NULL,
  `mo_ta` varchar(255) DEFAULT NULL,
  `trang_thai` bit(1) DEFAULT NULL,
  `ngay_tao` timestamp NULL DEFAULT CURRENT_TIMESTAMP,
  `ngay_sua` timestamp NULL DEFAULT NULL,
  `nguoi_tao` varchar(255) CHARACTER SET utf8mb3 COLLATE utf8mb3_general_ci DEFAULT NULL,
  `nguoi_sua` varchar(255) CHARACTER SET utf8mb3 COLLATE utf8mb3_general_ci DEFAULT NULL,
  PRIMARY KEY (`id`),
  UNIQUE KEY `ma_san_pham` (`ma_san_pham`)
) ENGINE=InnoDB DEFAULT CHARSET=utf8mb4 COLLATE=utf8mb4_0900_ai_ci;
/*!40101 SET character_set_client = @saved_cs_client */;

--
-- Dumping data for table `san_pham`
--

LOCK TABLES `san_pham` WRITE;
/*!40000 ALTER TABLE `san_pham` DISABLE KEYS */;
INSERT INTO `san_pham` VALUES ('138f596b-da75-4cc9-b7df-858010e2a1b9','SP1740306970717','Sản phẩm 3','Mô tả sản phẩm 3',_binary '','2025-02-23 10:36:11',NULL,NULL,NULL),('34694b58-d294-4fc9-b9bf-f7cc41d8d1a8','SP1740910337984','Sản phẩm 4','Mô tả sản phẩm 4',_binary '','2025-03-02 10:12:18',NULL,NULL,NULL),('3c3f3c1a-a9a2-4c80-be43-89b118445354','SP1740308841466','Sản phẩm 5','Mô tả sản phẩm 5',_binary '','2025-02-23 11:07:21',NULL,NULL,NULL),('69d7d0ab-2539-455b-8b76-6c32fd0c3ae8','SP1739506011209','Sản phẩm 6','Mô tả sản phẩm 6',_binary '','2025-02-14 04:06:51',NULL,NULL,NULL),('fc8a9c3f-6617-4d21-b588-8ad9845a6a17','SP1742576935321','Sản phẩm test','Mô tả cho sản phẩm test\n',_binary '','2025-03-21 17:08:55',NULL,NULL,NULL),('sp001','SP001','Sản phẩm 1','Mô tả sản phẩm 1',_binary '','2025-01-11 09:14:09',NULL,'admin',NULL),('sp002','SP002','Sản phẩm 2','Mô tả sản phẩm 2',_binary '','2025-01-11 09:14:09',NULL,'admin',NULL);
/*!40000 ALTER TABLE `san_pham` ENABLE KEYS */;
UNLOCK TABLES;

--
-- Table structure for table `san_pham_chi_tiet`
--

DROP TABLE IF EXISTS `san_pham_chi_tiet`;
/*!40101 SET @saved_cs_client     = @@character_set_client */;
/*!50503 SET character_set_client = utf8mb4 */;
CREATE TABLE `san_pham_chi_tiet` (
  `id` varchar(255) NOT NULL,
  `ma_san_pham_chi_tiet` varchar(45) DEFAULT NULL,
  `so_luong` int DEFAULT NULL,
  `mo_ta` text,
  `trang_thai` bit(1) DEFAULT NULL,
  `gia` decimal(15,0) DEFAULT NULL,
  `id_mau_sac` varchar(255) DEFAULT NULL,
  `id_chat_lieu` varchar(255) DEFAULT NULL,
  `id_danh_muc` varchar(255) DEFAULT NULL,
  `id_san_pham` varchar(255) DEFAULT NULL,
  `id_kich_thuoc` varchar(255) DEFAULT NULL,
  `id_thuong_hieu` varchar(255) DEFAULT NULL,
  `id_kieu_dang` varchar(255) DEFAULT NULL,
  `id_kieu_cuc` varchar(255) DEFAULT NULL,
  `id_kieu_co_ao` varchar(255) DEFAULT NULL,
  `id_kieu_tay_ao` varchar(255) DEFAULT NULL,
  `id_kieu_co_tay_ao` varchar(255) DEFAULT NULL,
  `id_hoa_tiet` varchar(255) DEFAULT NULL,
  `id_tui_ao` varchar(255) DEFAULT NULL,
  `ngay_tao` timestamp NULL DEFAULT CURRENT_TIMESTAMP,
  PRIMARY KEY (`id`),
  UNIQUE KEY `ma_san_pham_chi_tiet_UNIQUE` (`ma_san_pham_chi_tiet`),
  KEY `id_mau_sac_idx` (`id_mau_sac`),
  KEY `id_chat_lieu_idx` (`id_chat_lieu`),
  KEY `id_danh_muc_idx` (`id_danh_muc`),
  KEY `id_san_pham_idx` (`id_san_pham`),
  KEY `id_kich_thuoc_idx` (`id_kich_thuoc`),
  KEY `id_thuong_hieu_idx` (`id_thuong_hieu`),
  KEY `id_kieu_dang_idx` (`id_kieu_dang`),
  KEY `id_kieu_cuc_idx` (`id_kieu_cuc`),
  KEY `id_kieu_co_ao_idx` (`id_kieu_co_ao`),
  KEY `id_kieu_tay_ao_idx` (`id_kieu_tay_ao`),
  KEY `id_kieu_co_tay_ao_idx` (`id_kieu_co_tay_ao`),
  KEY `id_hoa_tiet_idx` (`id_hoa_tiet`),
  KEY `id_tui_ao_idx` (`id_tui_ao`),
  CONSTRAINT `id_chat_lieu` FOREIGN KEY (`id_chat_lieu`) REFERENCES `chat_lieu` (`id`),
  CONSTRAINT `id_danh_muc` FOREIGN KEY (`id_danh_muc`) REFERENCES `danh_muc` (`id`),
  CONSTRAINT `id_hoa_tiet` FOREIGN KEY (`id_hoa_tiet`) REFERENCES `hoa_tiet` (`id`),
  CONSTRAINT `id_kich_thuoc` FOREIGN KEY (`id_kich_thuoc`) REFERENCES `kich_thuoc` (`id`),
  CONSTRAINT `id_kieu_co_ao` FOREIGN KEY (`id_kieu_co_ao`) REFERENCES `kieu_co_ao` (`id`),
  CONSTRAINT `id_kieu_co_tay_ao` FOREIGN KEY (`id_kieu_co_tay_ao`) REFERENCES `kieu_co_tay_ao` (`id`),
  CONSTRAINT `id_kieu_cuc` FOREIGN KEY (`id_kieu_cuc`) REFERENCES `kieu_cuc` (`id`),
  CONSTRAINT `id_kieu_dang` FOREIGN KEY (`id_kieu_dang`) REFERENCES `kieu_dang` (`id`),
  CONSTRAINT `id_kieu_tay_ao` FOREIGN KEY (`id_kieu_tay_ao`) REFERENCES `kieu_tay_ao` (`id`),
  CONSTRAINT `id_mau_sac` FOREIGN KEY (`id_mau_sac`) REFERENCES `mau_sac` (`id`),
  CONSTRAINT `id_san_pham` FOREIGN KEY (`id_san_pham`) REFERENCES `san_pham` (`id`),
  CONSTRAINT `id_thuong_hieu` FOREIGN KEY (`id_thuong_hieu`) REFERENCES `thuong_hieu` (`id`),
  CONSTRAINT `id_tui_ao` FOREIGN KEY (`id_tui_ao`) REFERENCES `kieu_tui_ao` (`id`)
) ENGINE=InnoDB DEFAULT CHARSET=utf8mb4 COLLATE=utf8mb4_0900_ai_ci;
/*!40101 SET character_set_client = @saved_cs_client */;

--
-- Dumping data for table `san_pham_chi_tiet`
--

LOCK TABLES `san_pham_chi_tiet` WRITE;
/*!40000 ALTER TABLE `san_pham_chi_tiet` DISABLE KEYS */;
INSERT INTO `san_pham_chi_tiet` VALUES ('008bc41c-d7ee-4f1a-97f0-987d102b15ad','SPCT1742577017799',0,'Ok',_binary '',220000,'7ca6f090-d8d5-4f25-8572-de1ebd29f6da','2af77f53-a74c-468b-b599-a080a828d253','350987d0-b0f6-43b4-927a-a5504f82b942','fc8a9c3f-6617-4d21-b588-8ad9845a6a17','a75166f5-6bbd-463c-a605-d5407363307f','b396afb0-f55d-4ce0-80b7-f2f7daf8048c','f3685534-8606-491d-868e-30f3a40cd481','24034b35-b8aa-4882-843a-cb720f608522','c1578e35-2b86-47a8-bf68-06dedda3c59f','213123','d392abbb-54ad-4003-8583-255caa8eed1d','fa9ec930-859c-4739-a1ae-e6feda1f5fdd','2bf211bd-c9dd-45f8-97a5-39461da40dda','2025-03-21 17:10:18'),('01db00ef-5145-4cfa-b736-4255bef939df','SPCT1742577017449',13,'Ok',_binary '',200000,'7ca6f090-d8d5-4f25-8572-de1ebd29f6da','2af77f53-a74c-468b-b599-a080a828d253','350987d0-b0f6-43b4-927a-a5504f82b942','fc8a9c3f-6617-4d21-b588-8ad9845a6a17','9c2aecc2-1ef4-47f7-8de4-461be6a57661','b396afb0-f55d-4ce0-80b7-f2f7daf8048c','f3685534-8606-491d-868e-30f3a40cd481','24034b35-b8aa-4882-843a-cb720f608522','c1578e35-2b86-47a8-bf68-06dedda3c59f','213123','d392abbb-54ad-4003-8583-255caa8eed1d','fa9ec930-859c-4739-a1ae-e6feda1f5fdd','2bf211bd-c9dd-45f8-97a5-39461da40dda','2025-03-21 17:10:18'),('02195fe8-3498-469c-be33-c049732f0727','SPCT1740910601292',361,'Mô tả cho sản phẩm\n',_binary '',40000,'7ca6f090-d8d5-4f25-8572-de1ebd29f6da','2af77f53-a74c-468b-b599-a080a828d253','350987d0-b0f6-43b4-927a-a5504f82b942','34694b58-d294-4fc9-b9bf-f7cc41d8d1a8','9c2aecc2-1ef4-47f7-8de4-461be6a57661','b396afb0-f55d-4ce0-80b7-f2f7daf8048c','f3685534-8606-491d-868e-30f3a40cd481','24034b35-b8aa-4882-843a-cb720f608522','c1578e35-2b86-47a8-bf68-06dedda3c59f','213123','d392abbb-54ad-4003-8583-255caa8eed1d','fa9ec930-859c-4739-a1ae-e6feda1f5fdd','2bf211bd-c9dd-45f8-97a5-39461da40dda','2025-03-02 10:16:41'),('061840ea-05d1-489a-af6c-291003491202','SPCT1739899844865',0,NULL,_binary '',200000,'f82d423c-5ee3-4b25-b87f-94deb47e4316','307ff145-d0e5-460a-afd9-d8b606c23c18','dm01','sp001','9c2aecc2-1ef4-47f7-8de4-461be6a57661','b396afb0-f55d-4ce0-80b7-f2f7daf8048c','f3685534-8606-491d-868e-30f3a40cd481','24034b35-b8aa-4882-843a-cb720f608522','c1578e35-2b86-47a8-bf68-06dedda3c59f','213123','d392abbb-54ad-4003-8583-255caa8eed1d','ht01','2bf211bd-c9dd-45f8-97a5-39461da40dda','2025-02-18 17:30:44'),('12a77fc0-f2dd-4fb5-8fa6-4debddb62249','SPCT1739899844807',24,NULL,_binary '',200000,'99549c36-8470-4fd0-afdc-7815c13854f8','307ff145-d0e5-460a-afd9-d8b606c23c18','dm01','sp001','a75166f5-6bbd-463c-a605-d5407363307f','b396afb0-f55d-4ce0-80b7-f2f7daf8048c','f3685534-8606-491d-868e-30f3a40cd481','24034b35-b8aa-4882-843a-cb720f608522','c1578e35-2b86-47a8-bf68-06dedda3c59f','213123','d392abbb-54ad-4003-8583-255caa8eed1d','ht01','2bf211bd-c9dd-45f8-97a5-39461da40dda','2025-02-18 17:30:44'),('14e83f96-ee63-4ca6-bd1a-648de9991c47','SPCT1740910601629',32,NULL,_binary '',200000,'99549c36-8470-4fd0-afdc-7815c13854f8','2af77f53-a74c-468b-b599-a080a828d253','350987d0-b0f6-43b4-927a-a5504f82b942','34694b58-d294-4fc9-b9bf-f7cc41d8d1a8','9c2aecc2-1ef4-47f7-8de4-461be6a57661','b396afb0-f55d-4ce0-80b7-f2f7daf8048c','f3685534-8606-491d-868e-30f3a40cd481','24034b35-b8aa-4882-843a-cb720f608522','c1578e35-2b86-47a8-bf68-06dedda3c59f','213123','d392abbb-54ad-4003-8583-255caa8eed1d','fa9ec930-859c-4739-a1ae-e6feda1f5fdd','2bf211bd-c9dd-45f8-97a5-39461da40dda','2025-03-02 10:16:42'),('197d0db4-9d0e-4708-9610-4d21726cdf05','SPCT1740910601679',21,NULL,_binary '',200000,'f82d423c-5ee3-4b25-b87f-94deb47e4316','2af77f53-a74c-468b-b599-a080a828d253','350987d0-b0f6-43b4-927a-a5504f82b942','34694b58-d294-4fc9-b9bf-f7cc41d8d1a8','a75166f5-6bbd-463c-a605-d5407363307f','b396afb0-f55d-4ce0-80b7-f2f7daf8048c','f3685534-8606-491d-868e-30f3a40cd481','24034b35-b8aa-4882-843a-cb720f608522','c1578e35-2b86-47a8-bf68-06dedda3c59f','213123','d392abbb-54ad-4003-8583-255caa8eed1d','fa9ec930-859c-4739-a1ae-e6feda1f5fdd','2bf211bd-c9dd-45f8-97a5-39461da40dda','2025-03-02 10:16:42'),('2426993d-01a0-4bdc-9ff5-4995b4f361ea','SPCT1740308928617',12,NULL,_binary '',2002000,'99549c36-8470-4fd0-afdc-7815c13854f8','2af77f53-a74c-468b-b599-a080a828d253','350987d0-b0f6-43b4-927a-a5504f82b942','3c3f3c1a-a9a2-4c80-be43-89b118445354','a75166f5-6bbd-463c-a605-d5407363307f','b396afb0-f55d-4ce0-80b7-f2f7daf8048c','f3685534-8606-491d-868e-30f3a40cd481','24034b35-b8aa-4882-843a-cb720f608522','c1578e35-2b86-47a8-bf68-06dedda3c59f','213123','d392abbb-54ad-4003-8583-255caa8eed1d','fa9ec930-859c-4739-a1ae-e6feda1f5fdd','2bf211bd-c9dd-45f8-97a5-39461da40dda','2025-02-23 11:08:49'),('3be0daee-846d-473b-9fee-2e7a29e91552','SPCT1740910601804',43,'Không',_binary '',250000,'f82d423c-5ee3-4b25-b87f-94deb47e4316','2af77f53-a74c-468b-b599-a080a828d253','350987d0-b0f6-43b4-927a-a5504f82b942','34694b58-d294-4fc9-b9bf-f7cc41d8d1a8','eb6dcc6c-671c-4c0d-8063-d83008554350','b396afb0-f55d-4ce0-80b7-f2f7daf8048c','f3685534-8606-491d-868e-30f3a40cd481','24034b35-b8aa-4882-843a-cb720f608522','c1578e35-2b86-47a8-bf68-06dedda3c59f','213123','d392abbb-54ad-4003-8583-255caa8eed1d','fa9ec930-859c-4739-a1ae-e6feda1f5fdd','2bf211bd-c9dd-45f8-97a5-39461da40dda','2025-03-02 10:16:42'),('3ccc7099-66c9-4ee4-ba35-06a25371bde8','SPCT1740910601869',48,NULL,_binary '',200000,'f82d423c-5ee3-4b25-b87f-94deb47e4316','2af77f53-a74c-468b-b599-a080a828d253','350987d0-b0f6-43b4-927a-a5504f82b942','34694b58-d294-4fc9-b9bf-f7cc41d8d1a8','9c2aecc2-1ef4-47f7-8de4-461be6a57661','b396afb0-f55d-4ce0-80b7-f2f7daf8048c','f3685534-8606-491d-868e-30f3a40cd481','24034b35-b8aa-4882-843a-cb720f608522','c1578e35-2b86-47a8-bf68-06dedda3c59f','213123','d392abbb-54ad-4003-8583-255caa8eed1d','fa9ec930-859c-4739-a1ae-e6feda1f5fdd','2bf211bd-c9dd-45f8-97a5-39461da40dda','2025-03-02 10:16:42'),('3f0a6468-73e0-4f36-b11e-296d7bfaba4d','SPCT1740910600480',496,NULL,_binary '',1000,'7ca6f090-d8d5-4f25-8572-de1ebd29f6da','2af77f53-a74c-468b-b599-a080a828d253','350987d0-b0f6-43b4-927a-a5504f82b942','34694b58-d294-4fc9-b9bf-f7cc41d8d1a8','a75166f5-6bbd-463c-a605-d5407363307f','b396afb0-f55d-4ce0-80b7-f2f7daf8048c','f3685534-8606-491d-868e-30f3a40cd481','24034b35-b8aa-4882-843a-cb720f608522','c1578e35-2b86-47a8-bf68-06dedda3c59f','213123','d392abbb-54ad-4003-8583-255caa8eed1d','fa9ec930-859c-4739-a1ae-e6feda1f5fdd','2bf211bd-c9dd-45f8-97a5-39461da40dda','2025-03-02 10:16:41'),('3f92826e-0eea-44f2-ada6-1c581c54694d','SPCT1739899844154',18,NULL,_binary '',200000,'99549c36-8470-4fd0-afdc-7815c13854f8','307ff145-d0e5-460a-afd9-d8b606c23c18','dm01','sp001','9c2aecc2-1ef4-47f7-8de4-461be6a57661','b396afb0-f55d-4ce0-80b7-f2f7daf8048c','f3685534-8606-491d-868e-30f3a40cd481','24034b35-b8aa-4882-843a-cb720f608522','c1578e35-2b86-47a8-bf68-06dedda3c59f','213123','d392abbb-54ad-4003-8583-255caa8eed1d','ht01','2bf211bd-c9dd-45f8-97a5-39461da40dda','2025-02-18 17:30:44'),('4393ee6d-f0ea-4e1d-a0f0-636c957b8165','SPCT1739523889392',87,'okee',_binary '',100000,'f82d423c-5ee3-4b25-b87f-94deb47e4316','307ff145-d0e5-460a-afd9-d8b606c23c18','dm01','69d7d0ab-2539-455b-8b76-6c32fd0c3ae8','eb6dcc6c-671c-4c0d-8063-d83008554350','b396afb0-f55d-4ce0-80b7-f2f7daf8048c','f3685534-8606-491d-868e-30f3a40cd481','24034b35-b8aa-4882-843a-cb720f608522','c1578e35-2b86-47a8-bf68-06dedda3c59f','213123','d392abbb-54ad-4003-8583-255caa8eed1d','ht01','2bf211bd-c9dd-45f8-97a5-39461da40dda','2025-02-18 17:11:45'),('455aa19f-83da-490d-bef3-40fc95afa1b8','SPCT1742577017888',499,'Ok',_binary '',10000,'99549c36-8470-4fd0-afdc-7815c13854f8','2af77f53-a74c-468b-b599-a080a828d253','350987d0-b0f6-43b4-927a-a5504f82b942','fc8a9c3f-6617-4d21-b588-8ad9845a6a17','c79efdc3-a52a-434e-b342-8aa0824bae1b','b396afb0-f55d-4ce0-80b7-f2f7daf8048c','f3685534-8606-491d-868e-30f3a40cd481','24034b35-b8aa-4882-843a-cb720f608522','c1578e35-2b86-47a8-bf68-06dedda3c59f','213123','d392abbb-54ad-4003-8583-255caa8eed1d','fa9ec930-859c-4739-a1ae-e6feda1f5fdd','2bf211bd-c9dd-45f8-97a5-39461da40dda','2025-03-21 17:10:18'),('4610617a-7c4c-4b55-98d8-3d7b617a7a7b','SPCT1739519763382',33,'ok',_binary '',100033,'7ca6f090-d8d5-4f25-8572-de1ebd29f6da','307ff145-d0e5-460a-afd9-d8b606c23c18','dm01','69d7d0ab-2539-455b-8b76-6c32fd0c3ae8','9c2aecc2-1ef4-47f7-8de4-461be6a57661','b396afb0-f55d-4ce0-80b7-f2f7daf8048c','f3685534-8606-491d-868e-30f3a40cd481','24034b35-b8aa-4882-843a-cb720f608522','c1578e35-2b86-47a8-bf68-06dedda3c59f','213123','d392abbb-54ad-4003-8583-255caa8eed1d','ht01','2bf211bd-c9dd-45f8-97a5-39461da40dda','2025-02-18 17:11:45'),('464b2463-2fbe-4207-a7fb-d50357a66174','SPCT1740308928904',0,NULL,_binary '',200000,'f82d423c-5ee3-4b25-b87f-94deb47e4316','2af77f53-a74c-468b-b599-a080a828d253','350987d0-b0f6-43b4-927a-a5504f82b942','3c3f3c1a-a9a2-4c80-be43-89b118445354','a75166f5-6bbd-463c-a605-d5407363307f','b396afb0-f55d-4ce0-80b7-f2f7daf8048c','f3685534-8606-491d-868e-30f3a40cd481','24034b35-b8aa-4882-843a-cb720f608522','c1578e35-2b86-47a8-bf68-06dedda3c59f','213123','d392abbb-54ad-4003-8583-255caa8eed1d','fa9ec930-859c-4739-a1ae-e6feda1f5fdd','2bf211bd-c9dd-45f8-97a5-39461da40dda','2025-02-23 11:08:49'),('4665b3b1-fe89-4779-be2b-9d05ed246e5b','SPCT1740308310396',0,NULL,_binary '',2200000,'99549c36-8470-4fd0-afdc-7815c13854f8','307ff145-d0e5-460a-afd9-d8b606c23c18','350987d0-b0f6-43b4-927a-a5504f82b942','138f596b-da75-4cc9-b7df-858010e2a1b9','a75166f5-6bbd-463c-a605-d5407363307f','b396afb0-f55d-4ce0-80b7-f2f7daf8048c','f3685534-8606-491d-868e-30f3a40cd481','24034b35-b8aa-4882-843a-cb720f608522','c1578e35-2b86-47a8-bf68-06dedda3c59f','213123','d392abbb-54ad-4003-8583-255caa8eed1d','fa9ec930-859c-4739-a1ae-e6feda1f5fdd','2bf211bd-c9dd-45f8-97a5-39461da40dda','2025-02-23 10:58:30'),('49c9ea0c-2c96-447e-98fb-2c6b9df591f4','SPCT1742577017973',499,'Ok',_binary '',10000,'99549c36-8470-4fd0-afdc-7815c13854f8','2af77f53-a74c-468b-b599-a080a828d253','350987d0-b0f6-43b4-927a-a5504f82b942','fc8a9c3f-6617-4d21-b588-8ad9845a6a17','a75166f5-6bbd-463c-a605-d5407363307f','b396afb0-f55d-4ce0-80b7-f2f7daf8048c','f3685534-8606-491d-868e-30f3a40cd481','24034b35-b8aa-4882-843a-cb720f608522','c1578e35-2b86-47a8-bf68-06dedda3c59f','213123','d392abbb-54ad-4003-8583-255caa8eed1d','fa9ec930-859c-4739-a1ae-e6feda1f5fdd','2bf211bd-c9dd-45f8-97a5-39461da40dda','2025-03-21 17:10:18'),('4b39ae1a-9379-47e9-8c80-0f5672f46c10','SPCT1740910601215',492,NULL,_binary '',1000,'7ca6f090-d8d5-4f25-8572-de1ebd29f6da','2af77f53-a74c-468b-b599-a080a828d253','350987d0-b0f6-43b4-927a-a5504f82b942','34694b58-d294-4fc9-b9bf-f7cc41d8d1a8','eb6dcc6c-671c-4c0d-8063-d83008554350','b396afb0-f55d-4ce0-80b7-f2f7daf8048c','f3685534-8606-491d-868e-30f3a40cd481','24034b35-b8aa-4882-843a-cb720f608522','c1578e35-2b86-47a8-bf68-06dedda3c59f','213123','d392abbb-54ad-4003-8583-255caa8eed1d','fa9ec930-859c-4739-a1ae-e6feda1f5fdd','2bf211bd-c9dd-45f8-97a5-39461da40dda','2025-03-02 10:16:41'),('4bba63de-3521-453f-addc-25160d75cb50','SPCT1742577017846',499,'Ok',_binary '',10000,'99549c36-8470-4fd0-afdc-7815c13854f8','2af77f53-a74c-468b-b599-a080a828d253','350987d0-b0f6-43b4-927a-a5504f82b942','fc8a9c3f-6617-4d21-b588-8ad9845a6a17','9c2aecc2-1ef4-47f7-8de4-461be6a57661','b396afb0-f55d-4ce0-80b7-f2f7daf8048c','f3685534-8606-491d-868e-30f3a40cd481','24034b35-b8aa-4882-843a-cb720f608522','c1578e35-2b86-47a8-bf68-06dedda3c59f','213123','d392abbb-54ad-4003-8583-255caa8eed1d','fa9ec930-859c-4739-a1ae-e6feda1f5fdd','2bf211bd-c9dd-45f8-97a5-39461da40dda','2025-03-21 17:10:18'),('4d2974ea-b76d-45a5-b52d-5f170e8896aa','SPCT1740910601746',33,NULL,_binary '',200000,'f82d423c-5ee3-4b25-b87f-94deb47e4316','2af77f53-a74c-468b-b599-a080a828d253','350987d0-b0f6-43b4-927a-a5504f82b942','34694b58-d294-4fc9-b9bf-f7cc41d8d1a8','c79efdc3-a52a-434e-b342-8aa0824bae1b','b396afb0-f55d-4ce0-80b7-f2f7daf8048c','f3685534-8606-491d-868e-30f3a40cd481','24034b35-b8aa-4882-843a-cb720f608522','c1578e35-2b86-47a8-bf68-06dedda3c59f','213123','d392abbb-54ad-4003-8583-255caa8eed1d','fa9ec930-859c-4739-a1ae-e6feda1f5fdd','2bf211bd-c9dd-45f8-97a5-39461da40dda','2025-03-02 10:16:42'),('61a1277d-6bd0-4596-9fcc-7cf908f04894','SPCT1742577017680',49,'Ok',_binary '',200000,'7ca6f090-d8d5-4f25-8572-de1ebd29f6da','2af77f53-a74c-468b-b599-a080a828d253','350987d0-b0f6-43b4-927a-a5504f82b942','fc8a9c3f-6617-4d21-b588-8ad9845a6a17','c79efdc3-a52a-434e-b342-8aa0824bae1b','b396afb0-f55d-4ce0-80b7-f2f7daf8048c','f3685534-8606-491d-868e-30f3a40cd481','24034b35-b8aa-4882-843a-cb720f608522','c1578e35-2b86-47a8-bf68-06dedda3c59f','213123','d392abbb-54ad-4003-8583-255caa8eed1d','fa9ec930-859c-4739-a1ae-e6feda1f5fdd','2bf211bd-c9dd-45f8-97a5-39461da40dda','2025-03-21 17:10:18'),('6639faec-b397-41c3-81fb-783dff594545','SPCT1739523889294',0,'okee',_binary '',1000000,'7ca6f090-d8d5-4f25-8572-de1ebd29f6da','307ff145-d0e5-460a-afd9-d8b606c23c18','dm01','69d7d0ab-2539-455b-8b76-6c32fd0c3ae8','eb6dcc6c-671c-4c0d-8063-d83008554350','b396afb0-f55d-4ce0-80b7-f2f7daf8048c','f3685534-8606-491d-868e-30f3a40cd481','24034b35-b8aa-4882-843a-cb720f608522','c1578e35-2b86-47a8-bf68-06dedda3c59f','213123','d392abbb-54ad-4003-8583-255caa8eed1d','ht01','2bf211bd-c9dd-45f8-97a5-39461da40dda','2025-02-18 17:11:45'),('6d33cd1f-1498-4d8b-a45f-bada5c19452a','SPCT1740308310448',27,NULL,_binary '',200000,'99549c36-8470-4fd0-afdc-7815c13854f8','307ff145-d0e5-460a-afd9-d8b606c23c18','350987d0-b0f6-43b4-927a-a5504f82b942','138f596b-da75-4cc9-b7df-858010e2a1b9','c79efdc3-a52a-434e-b342-8aa0824bae1b','b396afb0-f55d-4ce0-80b7-f2f7daf8048c','f3685534-8606-491d-868e-30f3a40cd481','24034b35-b8aa-4882-843a-cb720f608522','c1578e35-2b86-47a8-bf68-06dedda3c59f','213123','d392abbb-54ad-4003-8583-255caa8eed1d','fa9ec930-859c-4739-a1ae-e6feda1f5fdd','2bf211bd-c9dd-45f8-97a5-39461da40dda','2025-02-23 10:58:30'),('70835a28-7019-4c1c-a2ed-f2a009b4ece9','SPCT1739899844937',46,NULL,_binary '',200000,'f82d423c-5ee3-4b25-b87f-94deb47e4316','307ff145-d0e5-460a-afd9-d8b606c23c18','dm01','sp001','c79efdc3-a52a-434e-b342-8aa0824bae1b','b396afb0-f55d-4ce0-80b7-f2f7daf8048c','f3685534-8606-491d-868e-30f3a40cd481','24034b35-b8aa-4882-843a-cb720f608522','c1578e35-2b86-47a8-bf68-06dedda3c59f','213123','d392abbb-54ad-4003-8583-255caa8eed1d','ht01','2bf211bd-c9dd-45f8-97a5-39461da40dda','2025-02-18 17:30:44'),('72e3fe9e-a47d-4a7e-bbdd-ee610faa1f18','SPCT1739519763173',52,'ok',_binary '',100000,'7ca6f090-d8d5-4f25-8572-de1ebd29f6da','307ff145-d0e5-460a-afd9-d8b606c23c18','dm01','69d7d0ab-2539-455b-8b76-6c32fd0c3ae8','c79efdc3-a52a-434e-b342-8aa0824bae1b','b396afb0-f55d-4ce0-80b7-f2f7daf8048c','f3685534-8606-491d-868e-30f3a40cd481','24034b35-b8aa-4882-843a-cb720f608522','c1578e35-2b86-47a8-bf68-06dedda3c59f','213123','d392abbb-54ad-4003-8583-255caa8eed1d','ht01','2bf211bd-c9dd-45f8-97a5-39461da40dda','2025-02-18 17:11:45'),('7c4314be-981f-49ff-be52-4989f01dc7ac','SPCT1739523888854',96,'okee22',_binary '',1000000,'7ca6f090-d8d5-4f25-8572-de1ebd29f6da','307ff145-d0e5-460a-afd9-d8b606c23c18','dm01','69d7d0ab-2539-455b-8b76-6c32fd0c3ae8','a75166f5-6bbd-463c-a605-d5407363307f','b396afb0-f55d-4ce0-80b7-f2f7daf8048c','f3685534-8606-491d-868e-30f3a40cd481','24034b35-b8aa-4882-843a-cb720f608522','c1578e35-2b86-47a8-bf68-06dedda3c59f','213123','d392abbb-54ad-4003-8583-255caa8eed1d','ht01','2bf211bd-c9dd-45f8-97a5-39461da40dda','2025-02-18 17:11:45'),('85a4aefa-83a4-470f-bd2c-fa0545b0adac','SPCT1740308310144',18,NULL,_binary '',323232,'7ca6f090-d8d5-4f25-8572-de1ebd29f6da','307ff145-d0e5-460a-afd9-d8b606c23c18','350987d0-b0f6-43b4-927a-a5504f82b942','138f596b-da75-4cc9-b7df-858010e2a1b9','a75166f5-6bbd-463c-a605-d5407363307f','b396afb0-f55d-4ce0-80b7-f2f7daf8048c','f3685534-8606-491d-868e-30f3a40cd481','24034b35-b8aa-4882-843a-cb720f608522','c1578e35-2b86-47a8-bf68-06dedda3c59f','213123','d392abbb-54ad-4003-8583-255caa8eed1d','fa9ec930-859c-4739-a1ae-e6feda1f5fdd','2bf211bd-c9dd-45f8-97a5-39461da40dda','2025-02-23 10:58:30'),('8830c9ed-39f8-4241-b548-9de74405deac','SPCT1740910601399',31,NULL,_binary '',200000,'99549c36-8470-4fd0-afdc-7815c13854f8','2af77f53-a74c-468b-b599-a080a828d253','350987d0-b0f6-43b4-927a-a5504f82b942','34694b58-d294-4fc9-b9bf-f7cc41d8d1a8','a75166f5-6bbd-463c-a605-d5407363307f','b396afb0-f55d-4ce0-80b7-f2f7daf8048c','f3685534-8606-491d-868e-30f3a40cd481','24034b35-b8aa-4882-843a-cb720f608522','c1578e35-2b86-47a8-bf68-06dedda3c59f','213123','d392abbb-54ad-4003-8583-255caa8eed1d','fa9ec930-859c-4739-a1ae-e6feda1f5fdd','2bf211bd-c9dd-45f8-97a5-39461da40dda','2025-03-02 10:16:41'),('9484808d-6bf1-43a7-804a-f9987b3b8f7b','SPCT1740910601105',497,NULL,_binary '',1000,'7ca6f090-d8d5-4f25-8572-de1ebd29f6da','2af77f53-a74c-468b-b599-a080a828d253','350987d0-b0f6-43b4-927a-a5504f82b942','34694b58-d294-4fc9-b9bf-f7cc41d8d1a8','c79efdc3-a52a-434e-b342-8aa0824bae1b','b396afb0-f55d-4ce0-80b7-f2f7daf8048c','f3685534-8606-491d-868e-30f3a40cd481','24034b35-b8aa-4882-843a-cb720f608522','c1578e35-2b86-47a8-bf68-06dedda3c59f','213123','d392abbb-54ad-4003-8583-255caa8eed1d','fa9ec930-859c-4739-a1ae-e6feda1f5fdd','2bf211bd-c9dd-45f8-97a5-39461da40dda','2025-03-02 10:16:41'),('98793d6b-f2a6-4404-af6f-b8438cb4771d','SPCT1742577017756',50,'Ok',_binary '',200000,'7ca6f090-d8d5-4f25-8572-de1ebd29f6da','2af77f53-a74c-468b-b599-a080a828d253','350987d0-b0f6-43b4-927a-a5504f82b942','fc8a9c3f-6617-4d21-b588-8ad9845a6a17','eb6dcc6c-671c-4c0d-8063-d83008554350','b396afb0-f55d-4ce0-80b7-f2f7daf8048c','f3685534-8606-491d-868e-30f3a40cd481','24034b35-b8aa-4882-843a-cb720f608522','c1578e35-2b86-47a8-bf68-06dedda3c59f','213123','d392abbb-54ad-4003-8583-255caa8eed1d','fa9ec930-859c-4739-a1ae-e6feda1f5fdd','2bf211bd-c9dd-45f8-97a5-39461da40dda','2025-03-21 17:10:18'),('9a014ee3-43fa-48a5-a758-85b8c45faecb','SPCT1740910601486',49,NULL,_binary '',200000,'99549c36-8470-4fd0-afdc-7815c13854f8','2af77f53-a74c-468b-b599-a080a828d253','350987d0-b0f6-43b4-927a-a5504f82b942','34694b58-d294-4fc9-b9bf-f7cc41d8d1a8','c79efdc3-a52a-434e-b342-8aa0824bae1b','b396afb0-f55d-4ce0-80b7-f2f7daf8048c','f3685534-8606-491d-868e-30f3a40cd481','24034b35-b8aa-4882-843a-cb720f608522','c1578e35-2b86-47a8-bf68-06dedda3c59f','213123','d392abbb-54ad-4003-8583-255caa8eed1d','fa9ec930-859c-4739-a1ae-e6feda1f5fdd','2bf211bd-c9dd-45f8-97a5-39461da40dda','2025-03-02 10:16:42'),('ab5258b5-f94f-4869-a2d0-7cd702e3ef5f','SPCT1739519762969',47,'ok',_binary '',100099,'99549c36-8470-4fd0-afdc-7815c13854f8','307ff145-d0e5-460a-afd9-d8b606c23c18','dm01','69d7d0ab-2539-455b-8b76-6c32fd0c3ae8','9c2aecc2-1ef4-47f7-8de4-461be6a57661','b396afb0-f55d-4ce0-80b7-f2f7daf8048c','f3685534-8606-491d-868e-30f3a40cd481','24034b35-b8aa-4882-843a-cb720f608522','c1578e35-2b86-47a8-bf68-06dedda3c59f','213123','d392abbb-54ad-4003-8583-255caa8eed1d','ht01','2bf211bd-c9dd-45f8-97a5-39461da40dda','2025-02-18 17:11:45'),('b7253bf1-88d0-4110-81a2-a52ef6022307','SPCT1739899844899',48,NULL,_binary '',200000,'f82d423c-5ee3-4b25-b87f-94deb47e4316','307ff145-d0e5-460a-afd9-d8b606c23c18','dm01','sp001','a75166f5-6bbd-463c-a605-d5407363307f','b396afb0-f55d-4ce0-80b7-f2f7daf8048c','f3685534-8606-491d-868e-30f3a40cd481','24034b35-b8aa-4882-843a-cb720f608522','c1578e35-2b86-47a8-bf68-06dedda3c59f','213123','d392abbb-54ad-4003-8583-255caa8eed1d','ht01','2bf211bd-c9dd-45f8-97a5-39461da40dda','2025-02-18 17:30:44'),('c0bfcac5-08dc-4557-b9ed-1bc45b64be63','SPCT1740308310361',21,NULL,_binary '',323232,'7ca6f090-d8d5-4f25-8572-de1ebd29f6da','307ff145-d0e5-460a-afd9-d8b606c23c18','350987d0-b0f6-43b4-927a-a5504f82b942','138f596b-da75-4cc9-b7df-858010e2a1b9','c79efdc3-a52a-434e-b342-8aa0824bae1b','b396afb0-f55d-4ce0-80b7-f2f7daf8048c','f3685534-8606-491d-868e-30f3a40cd481','24034b35-b8aa-4882-843a-cb720f608522','c1578e35-2b86-47a8-bf68-06dedda3c59f','213123','d392abbb-54ad-4003-8583-255caa8eed1d','fa9ec930-859c-4739-a1ae-e6feda1f5fdd','2bf211bd-c9dd-45f8-97a5-39461da40dda','2025-02-23 10:58:30'),('c3f1d286-002e-4998-998f-55336983cadf','SPCT1742577017932',500,'Ok',_binary '',10000,'99549c36-8470-4fd0-afdc-7815c13854f8','2af77f53-a74c-468b-b599-a080a828d253','350987d0-b0f6-43b4-927a-a5504f82b942','fc8a9c3f-6617-4d21-b588-8ad9845a6a17','eb6dcc6c-671c-4c0d-8063-d83008554350','b396afb0-f55d-4ce0-80b7-f2f7daf8048c','f3685534-8606-491d-868e-30f3a40cd481','24034b35-b8aa-4882-843a-cb720f608522','c1578e35-2b86-47a8-bf68-06dedda3c59f','213123','d392abbb-54ad-4003-8583-255caa8eed1d','fa9ec930-859c-4739-a1ae-e6feda1f5fdd','2bf211bd-c9dd-45f8-97a5-39461da40dda','2025-03-21 17:10:18'),('d1d9a7ad-a833-4347-9a7c-0544aad45374','SPCT1739899844829',47,NULL,_binary '',200000,'99549c36-8470-4fd0-afdc-7815c13854f8','307ff145-d0e5-460a-afd9-d8b606c23c18','dm01','sp001','c79efdc3-a52a-434e-b342-8aa0824bae1b','b396afb0-f55d-4ce0-80b7-f2f7daf8048c','f3685534-8606-491d-868e-30f3a40cd481','24034b35-b8aa-4882-843a-cb720f608522','c1578e35-2b86-47a8-bf68-06dedda3c59f','213123','d392abbb-54ad-4003-8583-255caa8eed1d','ht01','2bf211bd-c9dd-45f8-97a5-39461da40dda','2025-02-18 17:30:44'),('de8d5e91-6896-40fd-bdd3-fb6a3e8e8ff5','SPCT1739523889343',97,'okee',_binary '',10000000,'f82d423c-5ee3-4b25-b87f-94deb47e4316','307ff145-d0e5-460a-afd9-d8b606c23c18','dm01','69d7d0ab-2539-455b-8b76-6c32fd0c3ae8','a75166f5-6bbd-463c-a605-d5407363307f','b396afb0-f55d-4ce0-80b7-f2f7daf8048c','f3685534-8606-491d-868e-30f3a40cd481','24034b35-b8aa-4882-843a-cb720f608522','c1578e35-2b86-47a8-bf68-06dedda3c59f','213123','d392abbb-54ad-4003-8583-255caa8eed1d','ht01','2bf211bd-c9dd-45f8-97a5-39461da40dda','2025-02-18 17:11:45'),('e3fe7452-028c-4dc9-9b27-44a07cb01a1a','SPCT1740910601553',50,NULL,_binary '',200000,'99549c36-8470-4fd0-afdc-7815c13854f8','2af77f53-a74c-468b-b599-a080a828d253','350987d0-b0f6-43b4-927a-a5504f82b942','34694b58-d294-4fc9-b9bf-f7cc41d8d1a8','eb6dcc6c-671c-4c0d-8063-d83008554350','b396afb0-f55d-4ce0-80b7-f2f7daf8048c','f3685534-8606-491d-868e-30f3a40cd481','24034b35-b8aa-4882-843a-cb720f608522','c1578e35-2b86-47a8-bf68-06dedda3c59f','213123','d392abbb-54ad-4003-8583-255caa8eed1d','fa9ec930-859c-4739-a1ae-e6feda1f5fdd','2bf211bd-c9dd-45f8-97a5-39461da40dda','2025-03-02 10:16:42'),('f8729c3a-2215-47c2-931e-b177cb871007','SPCT1739519762419',48,'ok',_binary '',100000,'99549c36-8470-4fd0-afdc-7815c13854f8','307ff145-d0e5-460a-afd9-d8b606c23c18','dm01','69d7d0ab-2539-455b-8b76-6c32fd0c3ae8','c79efdc3-a52a-434e-b342-8aa0824bae1b','b396afb0-f55d-4ce0-80b7-f2f7daf8048c','f3685534-8606-491d-868e-30f3a40cd481','24034b35-b8aa-4882-843a-cb720f608522','c1578e35-2b86-47a8-bf68-06dedda3c59f','213123','d392abbb-54ad-4003-8583-255caa8eed1d','ht01','2bf211bd-c9dd-45f8-97a5-39461da40dda','2025-02-18 17:11:45'),('spct001','SPCT001',78,'Chi tiết sản phẩm 1',_binary '',500000,'7ca6f090-d8d5-4f25-8572-de1ebd29f6da','307ff145-d0e5-460a-afd9-d8b606c23c18','dm01','sp001','9c2aecc2-1ef4-47f7-8de4-461be6a57661','b396afb0-f55d-4ce0-80b7-f2f7daf8048c','f3685534-8606-491d-868e-30f3a40cd481','24034b35-b8aa-4882-843a-cb720f608522','c1578e35-2b86-47a8-bf68-06dedda3c59f','213123','d392abbb-54ad-4003-8583-255caa8eed1d','ht01','2bf211bd-c9dd-45f8-97a5-39461da40dda','2025-02-18 17:11:45'),('spct002','SPCT002',47,'Chi tiết sản phẩm 2',_binary '',700000,'99549c36-8470-4fd0-afdc-7815c13854f8','307ff145-d0e5-460a-afd9-d8b606c23c18','dm01','sp002','9c2aecc2-1ef4-47f7-8de4-461be6a57661','b396afb0-f55d-4ce0-80b7-f2f7daf8048c','f3685534-8606-491d-868e-30f3a40cd481','24034b35-b8aa-4882-843a-cb720f608522','c1578e35-2b86-47a8-bf68-06dedda3c59f','213123','d392abbb-54ad-4003-8583-255caa8eed1d','ht01','2bf211bd-c9dd-45f8-97a5-39461da40dda','2025-02-18 17:11:45');
/*!40000 ALTER TABLE `san_pham_chi_tiet` ENABLE KEYS */;
UNLOCK TABLES;

--
-- Table structure for table `tai_khoan`
--

DROP TABLE IF EXISTS `tai_khoan`;
/*!40101 SET @saved_cs_client     = @@character_set_client */;
/*!50503 SET character_set_client = utf8mb4 */;
CREATE TABLE `tai_khoan` (
  `id` varchar(255) NOT NULL,
  `id_vai_tro` varchar(255) DEFAULT NULL,
  `username` varchar(255) DEFAULT NULL,
  `password` varchar(255) DEFAULT NULL,
  `trang_thai` int DEFAULT NULL,
  `ngay_tao` timestamp NULL DEFAULT CURRENT_TIMESTAMP,
  `ngay_sua` timestamp NULL DEFAULT NULL,
  PRIMARY KEY (`id`),
  UNIQUE KEY `username` (`username`),
  KEY `id_vai_tro` (`id_vai_tro`),
  CONSTRAINT `tai_khoan_ibfk_1` FOREIGN KEY (`id_vai_tro`) REFERENCES `vai_tro` (`id`) ON DELETE CASCADE ON UPDATE CASCADE
) ENGINE=InnoDB DEFAULT CHARSET=utf8mb4 COLLATE=utf8mb4_0900_ai_ci;
/*!40101 SET character_set_client = @saved_cs_client */;

--
-- Dumping data for table `tai_khoan`
--

LOCK TABLES `tai_khoan` WRITE;
/*!40000 ALTER TABLE `tai_khoan` DISABLE KEYS */;
INSERT INTO `tai_khoan` VALUES ('123123awdasd','1','tienthinhkk@gmail.com','$2a$10$UfEGKFMQ4Jh.IxD9R5rQGeCLKzX7u3JR/9eJtd5e7FnZ8cnawS/N6',1,'2025-03-04 09:59:24',NULL),('1233132','3','thinhnongdev@gmail.com','$2a$10$Ggl8r7CfvahoXCV.v0N1c.njVk3SXdLKqXF1J8khHm8R.k4FDRwB6',1,'2025-03-06 06:31:28',NULL),('423432','2','thinhntph44983@fpt.edu.vn','$2a$10$Ggl8r7CfvahoXCV.v0N1c.njVk3SXdLKqXF1J8khHm8R.k4FDRwB6',1,'2025-03-06 06:31:28',NULL);
/*!40000 ALTER TABLE `tai_khoan` ENABLE KEYS */;
UNLOCK TABLES;

--
-- Table structure for table `thanh_toan_hoa_don`
--

DROP TABLE IF EXISTS `thanh_toan_hoa_don`;
/*!40101 SET @saved_cs_client     = @@character_set_client */;
/*!50503 SET character_set_client = utf8mb4 */;
CREATE TABLE `thanh_toan_hoa_don` (
  `id` varchar(255) NOT NULL,
  `id_hoa_don` varchar(255) DEFAULT NULL,
  `id_phuong_thuc_thanh_toan` varchar(255) DEFAULT NULL,
  `mo_ta` varchar(255) CHARACTER SET utf8mb3 COLLATE utf8mb3_general_ci DEFAULT NULL,
  `trang_thai` int DEFAULT NULL,
  `ngay_tao` timestamp NULL DEFAULT CURRENT_TIMESTAMP,
  `ngay_sua` timestamp NULL DEFAULT NULL,
  `nguoi_tao` varchar(255) CHARACTER SET utf8mb3 COLLATE utf8mb3_general_ci DEFAULT NULL,
  `nguoi_sua` varchar(255) CHARACTER SET utf8mb3 COLLATE utf8mb3_general_ci DEFAULT NULL,
  `tong_tien` decimal(15,2) DEFAULT NULL,
  PRIMARY KEY (`id`),
  KEY `id_hoa_don` (`id_hoa_don`),
  KEY `id_phuong_thuc_thanh_toan` (`id_phuong_thuc_thanh_toan`),
  CONSTRAINT `thanh_toan_hoa_don_ibfk_1` FOREIGN KEY (`id_hoa_don`) REFERENCES `hoa_don` (`id`) ON DELETE CASCADE ON UPDATE CASCADE,
  CONSTRAINT `thanh_toan_hoa_don_ibfk_2` FOREIGN KEY (`id_phuong_thuc_thanh_toan`) REFERENCES `phuong_thuc_thanh_toan` (`id`) ON DELETE CASCADE ON UPDATE CASCADE
) ENGINE=InnoDB DEFAULT CHARSET=utf8mb4 COLLATE=utf8mb4_0900_ai_ci;
/*!40101 SET character_set_client = @saved_cs_client */;

--
-- Dumping data for table `thanh_toan_hoa_don`
--

LOCK TABLES `thanh_toan_hoa_don` WRITE;
/*!40000 ALTER TABLE `thanh_toan_hoa_don` DISABLE KEYS */;
INSERT INTO `thanh_toan_hoa_don` VALUES ('015505e4-9a0f-4454-86a1-2b54f488bf26','HDc1e8ad2e','PTTT001','Thanh toán khi xác nhận đơn hàng',1,'2025-04-11 10:42:17','2025-04-11 10:42:33','Nông Tiến Thịnh',NULL,620000.00),('0212eebc-465b-4cc3-baf2-d783073ea4f7','39cc6594','PTTT002','Thanh toán qua tài khoản ngân hàng',1,'2025-04-17 03:30:58',NULL,'Nông Tiến Thịnh',NULL,2000.00),('04e7c847-f5b2-4ae5-ab47-ea163ee0fddd','HD25506ef0','PTTT002','Thanh toán hóa đơn HD761774',1,'2025-04-04 17:47:29','2025-04-04 17:49:43','Nông Tiến Thịnh',NULL,217868.00),('0932013a-9583-49ae-88cd-9ec6a3c370a9','HD519f8a17','PTTT003','Thanh toán bổ sung khi xác nhận đơn hàng',1,'2025-04-10 06:48:11',NULL,'Nông Tiến Thịnh',NULL,22500.00),('0c9c4f7a-2dfe-470d-9ea4-c43f790cfa3e','8391b293','PTTT004','Thanh toán qua VNPAY',1,'2025-04-19 05:32:42',NULL,'tienthinhkk@gmail.com',NULL,71501.00),('134a85e9-75c1-44de-801a-35398c4a4e84','HD0a4523df','PTTT001','Thanh toán bổ sung cho hóa đơn',1,'2025-04-03 17:54:41','2025-04-03 17:55:37','Nông Tiến Thịnh',NULL,220000.00),('1da0c867-8dc2-44f3-9883-d994afc5c54e','64fdb5fc','PTTT004','Thanh toán qua VNPAY',1,'2025-04-19 16:53:25',NULL,'tienthinhkk@gmail.com',NULL,400000.00),('222c3a51-52e8-4609-b408-cb71d5184edc','677ddbfc-4547-4fcc-a808-096ba1fa5af8','PTTT004','Thanh toán qua VNPAY',1,'2025-04-16 14:56:03',NULL,'VNPAY',NULL,239985.00),('23ccb2d8-b175-4078-9800-0be442db6e65','HD3f7f95a5','PTTT003','Thanh toán khi xác nhận đơn hàng',1,'2025-04-11 19:47:48',NULL,'Nông Tiến Thịnh',NULL,880000.00),('2742e5bd-c67a-46e6-9636-2383d4de28c1','502c6a0e','PTTT004','Thanh toán VNPAY',1,'2025-04-19 19:38:00',NULL,'tienthinhkk@gmail.com',NULL,440000.00),('2821c47b-ca47-4d2b-a94e-770adbefeafe','HD0a4523df','PTTT002','Thanh toán bổ sung cho hóa đơn',1,'2025-04-03 17:16:17','2025-04-03 17:55:37','Nông Tiến Thịnh',NULL,190000.00),('28f10248-9e89-43c6-be81-f2de463c9c4f','7dd3be64','PTTT004','Thanh toán VNPAY',1,'2025-04-19 19:31:30',NULL,'tienthinhkk@gmail.com',NULL,3092000.00),('29169814-02d7-4912-9273-19c21347d537','HD01606d03','PTTT001','Thanh toán bổ sung khi xác nhận đơn hàng',1,'2025-04-11 19:55:56','2025-04-11 19:56:44','Nông Tiến Thịnh',NULL,220000.00),('2a93671c-7586-4222-913e-2a1435b885a4','HD3f7f95a5','PTTT003','Hoàn tiền thừa sau khi thay đổi sản phẩm trong đơn hàng',4,'2025-04-11 19:54:47',NULL,'Nông Tiến Thịnh',NULL,200000.00),('2c050251-964e-47c4-a29c-69d9b92184f6','HDdaffa8f9','PTTT001','Thanh toán cho hóa đơn HD138745',1,'2025-04-03 19:51:59','2025-04-04 07:40:24','Nông Tiến Thịnh',NULL,197868.00),('3078b818-ad99-4e98-bbda-5e024db3dd96','HD894923d8','PTTT003','Thanh toán trực tiếp với nhân viên',1,'2025-04-01 19:09:47',NULL,'Nông Tiến Thịnh',NULL,187868.00),('312ec806-2fab-4441-8abe-17cbffedac53','HDc86bfeb2','PTTT002','Thanh toán bổ sung khi xác nhận đơn hàng',1,'2025-04-08 14:48:53','2025-04-08 15:14:10','Nông Tiến Thịnh',NULL,1094369.00),('32054fe9-750c-4aeb-8ded-7e2820006471','HD9c62d1df','PTTT002','Thanh toán hóa đơn HD680931',1,'2025-04-04 07:43:18','2025-04-04 07:56:50','Nông Tiến Thịnh',NULL,187868.00),('34233356-888a-468b-a57a-18e2777b28df','HDc86bfeb2','PTTT001','Thanh toán khi xác nhận đơn hàng',1,'2025-04-08 14:15:31','2025-04-08 15:14:10','Nông Tiến Thịnh',NULL,1094369.00),('36d7f6bf-cb6a-461b-8966-b405d27d6550','HDf51574d6','PTTT001','Thanh toán khi xác nhận đơn hàng',1,'2025-04-11 08:53:13','2025-04-11 08:54:24','Nông Tiến Thịnh',NULL,2000000.00),('39c74a9d-9187-4ff6-9477-4c515c9e1af2','020f1d8b','PTTT004','Thanh toán qua VNPAY',1,'2025-04-17 15:55:58',NULL,'tienthinhkk@gmail.com',NULL,240000.00),('3a29637b-011b-4b70-8c97-c4b6c39a4974','HDf51574d6','PTTT001','Thanh toán bổ sung khi xác nhận đơn hàng',1,'2025-04-11 08:53:40','2025-04-11 08:54:24','Nông Tiến Thịnh',NULL,200000.00),('3a660db6-c6df-4415-9619-51804bf952e7','HD9f08dcfc','PTTT001','Thanh toán khi xác nhận đơn hàng',1,'2025-04-11 09:04:14','2025-04-11 09:04:33','Nông Tiến Thịnh',NULL,420000.00),('3b59c574-984f-4be6-96ff-e70ec2a1784f','374df497','PTTT002','Thanh toán khi xác nhận đơn hàng',1,'2025-04-18 09:52:08','2025-04-18 09:53:18','Nông Tiến Thịnh',NULL,40000.00),('3cc2b315-d496-41c3-9cb2-f094bef0cc0c','77cb7dcb','PTTT003','Thanh toán trực tiếp với nhân viên',1,'2025-04-19 08:58:32',NULL,'Nông Tiến Thịnh',NULL,206400.00),('3ddf05b4-b195-4eec-8125-97b39ba2ae53','HDb0ee41f6','PTTT003','Hoàn tiền thừa sau khi áp dụng voucher',3,'2025-04-04 15:09:52',NULL,'Nông Tiến Thịnh',NULL,657880.00),('3ef8c263-b922-4f04-b3f6-6289ff66ebef','374df497','PTTT003','Thanh toán bổ sung khi xác nhận đơn hàng',1,'2025-04-18 11:00:50',NULL,'Nông Tiến Thịnh',NULL,40000.00),('405e4607-93f1-4e92-a4a2-d6cfdb56f74c','HDf51574d6','PTTT002','Hoàn tiền thừa sau khi thay đổi sản phẩm trong đơn hàng',4,'2025-04-11 08:54:36',NULL,'Nông Tiến Thịnh',NULL,200000.00),('4767e50a-15c3-446b-b6b0-4eac9df96734','c9183b91','PTTT004','Thanh toán qua VNPAY',1,'2025-04-19 05:30:28',NULL,'tienthinhkk@gmail.com',NULL,40000.00),('493ef272-580e-4f60-a195-639c8d022a35','HDdaffa8f9','PTTT001','Thanh toán cho hóa đơn HD138745',1,'2025-04-03 21:34:57','2025-04-04 07:40:24','Nông Tiến Thịnh',NULL,224132.00),('4a9fb34d-8edd-4385-af3e-cb2850b90ba4','HDdaffa8f9','PTTT001','Thanh toán bổ sung cho hóa đơn',1,'2025-04-03 18:16:05','2025-04-04 07:40:24','Nông Tiến Thịnh',NULL,200000.00),('4b334831-a8f0-44e3-bca2-55ee378753ac','52db00c8','PTTT004','Thanh toán qua VNPAY',1,'2025-04-17 15:53:11',NULL,'tienthinhkk@gmail.com',NULL,40000.00),('4f93448a-6ac7-4dba-8336-e11d37ee16bd','HDf2b92245','PTTT002','Thanh toán hóa đơn HD547850',1,'2025-04-04 07:57:14','2025-04-04 07:57:27','Nông Tiến Thịnh',NULL,2000.00),('53d25c29-0743-4fb6-be40-64629383c1e8','HD519f8a17','PTTT002','Hoàn tiền thừa cho khách hàng',4,'2025-04-10 06:37:46',NULL,'Nông Tiến Thịnh',NULL,220000.00),('6b1df0c6-b672-4b0b-a8ea-d15cde57de60','HDb0ee41f6','PTTT003','Hoàn tiền thừa sau khi áp dụng voucher',3,'2025-04-04 15:10:25',NULL,'Nông Tiến Thịnh',NULL,2120.00),('6c535ccf-0034-42da-87da-3106dd66d2c8','HD01606d03','PTTT001','Thanh toán khi xác nhận đơn hàng',1,'2025-04-11 19:55:41','2025-04-11 19:56:44','Nông Tiến Thịnh',NULL,31501.00),('6d739799-cb55-4680-9213-b7d44207a115','HD3f7f95a5','PTTT003','Thanh toán bổ sung khi xác nhận đơn hàng',1,'2025-04-11 19:53:37',NULL,'Nông Tiến Thịnh',NULL,20000.00),('703bae6a-51a8-42a6-b067-9e09d3a6cea9','HD25506ef0','PTTT003','Hoàn tiền thừa sau khi áp dụng voucher',4,'2025-04-04 17:50:05',NULL,'Nông Tiến Thịnh',NULL,200000.00),('755d0762-afff-4aec-a05a-5211f9a8648e','HD1400166c','PTTT001','Thanh toán hóa đơn HD175158',3,'2025-04-04 14:26:00',NULL,'Nông Tiến Thịnh',NULL,202000.00),('77666b75-f666-4d2b-9349-63f61d289f32','HDdaffa8f9','PTTT002','Thanh toán cho hóa đơn HD138745',1,'2025-04-03 19:55:01','2025-04-04 07:40:24','Nông Tiến Thịnh',NULL,2000.00),('7b51efe5-5f36-49da-839d-d12fd02a580a','HD4e65d2d1','PTTT001','Điều chỉnh thanh toán sau khi hoàn thành đơn hàng',4,'2025-04-11 09:39:27',NULL,'Nông Tiến Thịnh',NULL,7600000.00),('7b96e7d2-7f3a-4196-983b-99657ff3b54a','HD519f8a17','PTTT003','Thanh toán bổ sung khi xác nhận đơn hàng',1,'2025-04-10 06:37:03',NULL,'Nông Tiến Thịnh',NULL,220000.00),('7c3d4d1b-44a8-4617-93f8-fb6c0c13c7d4','dbfc226e','PTTT004','Thanh toán qua VNPAY',1,'2025-04-19 16:56:14',NULL,'tienthinhkk@gmail.com',NULL,40000.00),('8382bb56-258e-461d-be1d-206749b5aebb','HD2bca696f','PTTT003','Thanh toán hóa đơn HD720797',1,'2025-04-04 07:58:42',NULL,'Nông Tiến Thịnh',NULL,190000.00),('863e9ccb-9cd3-47af-a4f3-545fcc419575','7f11126a','PTTT004','Thanh toán qua VNPAY',1,'2025-04-17 03:46:55',NULL,'tienthinhkk@gmail.com',NULL,439985.00),('8650c707-6f12-4b02-bde8-0c89cf717fb7','4eb43f58','PTTT003','Thanh toán trực tiếp với nhân viên',1,'2025-04-19 16:56:51',NULL,'Nông Tiến Thịnh',NULL,40000.00),('8a327480-44ee-4bd2-a1b4-87af8be75077','374df497','PTTT003','Thanh toán bổ sung khi xác nhận đơn hàng',1,'2025-04-18 09:53:37',NULL,'Nông Tiến Thịnh',NULL,40000.00),('8e555701-ad26-442e-88e5-ba79416ca6a2','HD1400166c','PTTT003','Thanh toán hóa đơn HD175158',1,'2025-04-04 14:16:06',NULL,'Nông Tiến Thịnh',NULL,7868.00),('91d12e60-ba20-44f2-b5ef-a53fa7419dd6','a020f0ec-7b31-45ae-99d4-1fb87796590b','PTTT001',NULL,3,'2025-04-06 08:01:36',NULL,NULL,NULL,1647501.00),('94217adf-1e3e-49a1-9fcc-46e111310f6d','HDb0ee41f6','PTTT003','Thanh toán hóa đơn HD115806',1,'2025-04-04 15:08:06',NULL,'Nông Tiến Thịnh',NULL,797868.00),('9517a76c-02ee-443b-b133-19ccb08d9f4f','HDc86bfeb2','PTTT002','Thanh toán bổ sung khi xác nhận đơn hàng',1,'2025-04-08 14:28:54','2025-04-08 15:14:10','Nông Tiến Thịnh',NULL,1094369.00),('9962c9bb-d7bc-43ed-afcb-5c56357d072a','HDdaffa8f9','PTTT003','Thanh toán bổ sung cho hóa đơn',1,'2025-04-03 18:18:11',NULL,'Nông Tiến Thịnh',NULL,200000.00),('9c939d85-d4c1-464b-b15f-5880d143ca96','2294890a','PTTT003','Thanh toán khi xác nhận đơn hàng',1,'2025-04-17 03:45:16',NULL,'Nông Tiến Thịnh',NULL,240000.00),('9dc34971-95ac-4b6f-8c97-ba7fcef9f719','HD1400166c','PTTT003','Thanh toán hóa đơn HD175158',1,'2025-04-04 13:02:04',NULL,'Nông Tiến Thịnh',NULL,410000.00),('9e396fe5-2d77-417b-b561-8b9fb7cc86f8','HDc86bfeb2','PTTT003','Hoàn tiền thừa cho khách hàng',4,'2025-04-08 15:14:16',NULL,'Nông Tiến Thịnh',NULL,3283107.00),('9e67e93d-0381-486d-8215-6178a33a213d','546485e8','PTTT004','Thanh toán qua VNPAY',1,'2025-04-19 15:28:46',NULL,'tienthinhkk@gmail.com',NULL,3452000.00),('a103ef06-cdc3-4f8e-b7da-14c3fd2232a9','178390f6-fddc-4fbf-bbbd-23fd0fd221ff','PTTT003','Thanh toán trực tiếp với nhân viên',1,'2025-04-17 03:14:10',NULL,'Nông Tiến Thịnh',NULL,238000.00),('a1127304-42fc-4591-b258-128769052c90','e6c499e3','PTTT004','Thanh toán qua VNPAY',1,'2025-04-19 06:10:13',NULL,'tienthinhkk@gmail.com',NULL,40000.00),('a3c37f79-f755-45d7-b168-222d0415f5f4','ab0849aa','PTTT003','Thanh toán trực tiếp với nhân viên',1,'2025-04-19 08:56:20',NULL,'Nông Tiến Thịnh',NULL,206400.00),('b3518e4f-c0fb-4e20-8176-49b93256c632','39cc6594','PTTT003','Thanh toán trực tiếp với nhân viên',1,'2025-04-17 03:30:58',NULL,'Nông Tiến Thịnh',NULL,198000.00),('b596627f-49dc-4d2e-8277-c65479f05963','HD4e65d2d1','PTTT001','Thanh toán khi xác nhận đơn hàng',1,'2025-04-11 09:38:59','2025-04-11 09:39:21','Nông Tiến Thịnh',NULL,17600000.00),('b8b1d415-9f55-4bdc-8620-1e15dba7e6ae','HDa96829a3','PTTT001','Thanh toán hóa đơn HD216755',3,'2025-04-06 09:54:48',NULL,'Nông Tiến Thịnh',NULL,739800.00),('b9a01782-8f66-4668-bd33-bff794e6ff9e','2294890a','PTTT002','Thanh toán bổ sung khi xác nhận đơn hàng',1,'2025-04-17 03:45:31','2025-04-17 03:45:44','Nông Tiến Thịnh',NULL,40000.00),('ba06ed7e-0331-46f7-8fdd-9b80c26fe7a3','481c74ab','PTTT003','Thanh toán khi xác nhận đơn hàng',1,'2025-04-18 11:04:14',NULL,'Nông Tiến Thịnh',NULL,200000.00),('bac7aecf-961d-4896-8cb1-2efa981c237d','178390f6-fddc-4fbf-bbbd-23fd0fd221ff','PTTT002','Thanh toán qua tài khoản ngân hàng',2,'2025-04-17 03:14:10',NULL,'Nông Tiến Thịnh',NULL,2000.00),('c075c5b7-a4bc-42f5-a344-bd88fcbf41cd','HD25506ef0','PTTT003','Thanh toán hóa đơn HD761774',1,'2025-04-04 17:48:40',NULL,'Nông Tiến Thịnh',NULL,200000.00),('c96d47f4-9e29-4bb8-a54e-aa5fa384806c','HDb0ee41f6','PTTT003','Hoàn tiền thừa sau khi áp dụng voucher',4,'2025-04-04 15:27:29',NULL,'Nông Tiến Thịnh',NULL,1057868.00),('d94b6592-9753-4d89-b32b-b8352c569f32','8c3568c8','PTTT003','Thanh toán trực tiếp với nhân viên',1,'2025-04-17 03:50:49',NULL,'Nông Tiến Thịnh',NULL,200000.00),('db4c1955-dc00-457d-9dd1-c5afb2f05764','481c74ab','PTTT001','Thanh toán bổ sung khi xác nhận đơn hàng',1,'2025-04-18 11:05:12','2025-04-18 11:51:23','Nông Tiến Thịnh',NULL,0.00),('dc597e13-7e87-46a5-950f-b1f4772875a1','0e554803-3a96-4855-9639-2056eba1a2f9','PTTT001',NULL,3,'2025-03-30 12:45:33',NULL,NULL,NULL,9550000.00),('e269376c-38bd-4846-8392-c74520b303bb','5fcbb4ba','PTTT004','Thanh toán qua VNPAY',1,'2025-04-19 06:52:27',NULL,'tienthinhkk@gmail.com',NULL,40000.00),('e2f6c238-cbca-4815-a911-672ae0d00926','HD642ee239','PTTT003','Thanh toán trực tiếp với nhân viên',1,'2025-04-10 06:34:50',NULL,'Nông Tiến Thịnh',NULL,220000.00),('e6079f2c-e013-4049-835b-a086397c7aaf','HD519f8a17','PTTT003','Hoàn tiền thừa do thay đổi giá sản phẩm',4,'2025-04-10 06:43:18',NULL,'Nông Tiến Thịnh',NULL,18000.00),('e85ae35e-898f-4dbc-a39c-4dc57767efe5','187d4b9c-ff27-4622-802e-2bc7738c8706','PTTT001',NULL,3,'2025-03-30 13:00:09',NULL,NULL,NULL,782818.60),('ed8e6ff3-8397-4e4b-8eec-e0776d42504e','HD9c62d1df','PTTT003','Thanh toán hóa đơn HD680931',1,'2025-04-04 07:41:05',NULL,'Nông Tiến Thịnh',NULL,200000.00),('f00765bf-1d6e-4405-84df-9e7f4f6287e0','26e7b7de-0ddf-40f5-bf48-c8f1ce644b83','PTTT001',NULL,3,'2025-03-30 12:52:17',NULL,NULL,NULL,2031501.00),('f0a6dce2-a096-4f7e-aede-e35dc88398c0','HD519f8a17','PTTT003','Thanh toán trực tiếp với nhân viên',1,'2025-04-10 06:36:01',NULL,'Nông Tiến Thịnh',NULL,256501.00),('f1d29647-8361-488a-b306-fef61883edbe','481c74ab','PTTT001','Thanh toán bổ sung khi xác nhận đơn hàng',1,'2025-04-18 11:05:33','2025-04-18 11:51:23','Nông Tiến Thịnh',NULL,200000.00),('f4c227c4-91b5-4488-b125-bed1b9dde8e6','HDc86bfeb2','PTTT001','Thanh toán bổ sung khi xác nhận đơn hàng',1,'2025-04-08 15:07:52','2025-04-08 15:14:10','Nông Tiến Thịnh',NULL,1094369.00),('f606ebc2-1b2a-421a-b5d9-adfe3fbf0414','d2f68dfc','PTTT004','Thanh toán qua VNPAY',1,'2025-04-17 16:27:13',NULL,'tienthinhkk@gmail.com',NULL,40000.00),('f8064c5e-cd4b-4185-85de-72c6f36a3879','HD4e65d2d1','PTTT001','Điều chỉnh thanh toán sau khi hoàn thành đơn hàng',4,'2025-04-11 10:11:12',NULL,'Nông Tiến Thịnh',NULL,9780000.00),('f9b1e644-8533-45ce-81f1-27f283939aca','HDb0ee41f6','PTTT003','Thanh toán hóa đơn HD115806',1,'2025-04-04 15:08:56',NULL,'Nông Tiến Thịnh',NULL,260000.00),('fa76a438-a120-4316-af62-80fd943f4370','HD95aaeb8b','PTTT003','Thanh toán trực tiếp với nhân viên',1,'2025-04-01 18:25:06',NULL,'Nông Tiến Thịnh',NULL,2450501.00);
/*!40000 ALTER TABLE `thanh_toan_hoa_don` ENABLE KEYS */;
UNLOCK TABLES;

--
-- Table structure for table `thuong_hieu`
--

DROP TABLE IF EXISTS `thuong_hieu`;
/*!40101 SET @saved_cs_client     = @@character_set_client */;
/*!50503 SET character_set_client = utf8mb4 */;
CREATE TABLE `thuong_hieu` (
  `id` varchar(255) NOT NULL,
  `ma_thuong_hieu` varchar(50) DEFAULT NULL,
  `ten_thuong_hieu` varchar(255) DEFAULT NULL,
  `mo_ta` varchar(255) DEFAULT NULL,
  `trang_thai` bit(1) DEFAULT NULL,
  `ngay_tao` timestamp NULL DEFAULT CURRENT_TIMESTAMP,
  PRIMARY KEY (`id`),
  UNIQUE KEY `ma_thuong_hieu` (`ma_thuong_hieu`)
) ENGINE=InnoDB DEFAULT CHARSET=utf8mb4 COLLATE=utf8mb4_0900_ai_ci;
/*!40101 SET character_set_client = @saved_cs_client */;

--
-- Dumping data for table `thuong_hieu`
--

LOCK TABLES `thuong_hieu` WRITE;
/*!40000 ALTER TABLE `thuong_hieu` DISABLE KEYS */;
INSERT INTO `thuong_hieu` VALUES ('b396afb0-f55d-4ce0-80b7-f2f7daf8048c','TH1739519125649','Zara','ok',_binary '','2025-02-18 17:11:45');
/*!40000 ALTER TABLE `thuong_hieu` ENABLE KEYS */;
UNLOCK TABLES;

--
-- Table structure for table `vai_tro`
--

DROP TABLE IF EXISTS `vai_tro`;
/*!40101 SET @saved_cs_client     = @@character_set_client */;
/*!50503 SET character_set_client = utf8mb4 */;
CREATE TABLE `vai_tro` (
  `id` varchar(255) NOT NULL,
  `ma_vai_tro` varchar(50) DEFAULT NULL,
  `ten_vai_tro` varchar(255) DEFAULT NULL,
  `mo_ta` varchar(255) DEFAULT NULL,
  `trang_thai` bit(1) DEFAULT NULL,
  PRIMARY KEY (`id`),
  UNIQUE KEY `ma_vai_tro` (`ma_vai_tro`)
) ENGINE=InnoDB DEFAULT CHARSET=utf8mb4 COLLATE=utf8mb4_0900_ai_ci;
/*!40101 SET character_set_client = @saved_cs_client */;

--
-- Dumping data for table `vai_tro`
--

LOCK TABLES `vai_tro` WRITE;
/*!40000 ALTER TABLE `vai_tro` DISABLE KEYS */;
INSERT INTO `vai_tro` VALUES ('1','VT001','ADMIN','ok',_binary ''),('2','VT002','NHAN_VIEN','ok',_binary ''),('3','VT003','KHACH_HANG','ok',_binary '');
/*!40000 ALTER TABLE `vai_tro` ENABLE KEYS */;
UNLOCK TABLES;
/*!40103 SET TIME_ZONE=@OLD_TIME_ZONE */;

/*!40101 SET SQL_MODE=@OLD_SQL_MODE */;
/*!40014 SET FOREIGN_KEY_CHECKS=@OLD_FOREIGN_KEY_CHECKS */;
/*!40014 SET UNIQUE_CHECKS=@OLD_UNIQUE_CHECKS */;
/*!40101 SET CHARACTER_SET_CLIENT=@OLD_CHARACTER_SET_CLIENT */;
/*!40101 SET CHARACTER_SET_RESULTS=@OLD_CHARACTER_SET_RESULTS */;
/*!40101 SET COLLATION_CONNECTION=@OLD_COLLATION_CONNECTION */;
/*!40111 SET SQL_NOTES=@OLD_SQL_NOTES */;

-- Dump completed on 2025-04-20  2:47:03
